feature,value
informative_0,0.0
informative_1,0.0
informative_2,0.0
informative_3,0.0
informative_4,0.0
informative_5,0.0
informative_6,0.0
informative_7,0.8662751637482331
informative_8,0.0
informative_9,0.0
informative_10,0.0
informative_11,0.0
informative_12,1.0
informative_13,0.0
informative_14,0.0
informative_15,0.0
informative_16,0.0
informative_17,0.0
informative_18,0.0
informative_19,0.0
informative_20,0.0
informative_21,0.0
informative_22,0.0
informative_23,0.0
informative_24,0.0
informative_25,0.0
informative_26,0.0
informative_27,0.0
informative_28,0.0
informative_29,0.0
informative_30,0.0
informative_31,0.0
informative_32,0.0
informative_33,0.0
informative_34,0.0
informative_35,0.0
informative_36,0.0
informative_37,0.0
informative_38,0.0
informative_39,0.0
informative_40,0.0
informative_41,0.0
informative_42,0.0
informative_43,0.0
informative_44,0.0
informative_45,0.0
informative_46,0.0
informative_47,0.0
informative_48,0.0
informative_49,0.0
noisy_50,0.0
noisy_51,0.0
noisy_52,0.0
noisy_53,0.0
noisy_54,0.0
noisy_55,0.0
noisy_56,0.0
noisy_57,0.0
noisy_58,0.0
noisy_59,0.0
noisy_60,0.0
noisy_61,0.0
noisy_62,0.0
noisy_63,0.0
noisy_64,0.0
noisy_65,0.0
noisy_66,0.0
noisy_67,0.0
noisy_68,0.0
noisy_69,0.0
noisy_70,0.0
noisy_71,0.0
noisy_72,0.0
noisy_73,0.0
noisy_74,0.0
noisy_75,0.0
noisy_76,0.0
noisy_77,0.0
noisy_78,0.0
noisy_79,0.0
noisy_80,0.0
noisy_81,0.0
noisy_82,0.0
noisy_83,0.0
noisy_84,0.0
noisy_85,0.0
noisy_86,0.0
noisy_87,0.0
noisy_88,0.0
noisy_89,0.0
noisy_90,0.0
noisy_91,0.0
noisy_92,0.0
noisy_93,0.0
noisy_94,0.0
noisy_95,0.0
noisy_96,0.0
noisy_97,0.0
noisy_98,0.0
noisy_99,0.0
noisy_100,0.0
noisy_101,0.0
noisy_102,0.0
noisy_103,0.0
noisy_104,0.0
noisy_105,0.0
noisy_106,0.0
noisy_107,0.0
noisy_108,0.0
noisy_109,0.0
noisy_110,0.0
noisy_111,0.0
noisy_112,0.0
noisy_113,0.0
noisy_114,0.0
noisy_115,0.0
noisy_116,0.0
noisy_117,0.0
noisy_118,0.0
noisy_119,0.0
noisy_120,0.0
noisy_121,0.0
noisy_122,0.0
noisy_123,0.0
noisy_124,0.0
noisy_125,0.0
noisy_126,0.0
noisy_127,0.0
noisy_128,0.0
noisy_129,0.0
noisy_130,0.0
noisy_131,0.0
noisy_132,0.0
noisy_133,0.0
noisy_134,0.0
noisy_135,0.0
noisy_136,0.0
noisy_137,0.0
noisy_138,0.0
noisy_139,0.0
noisy_140,0.0
noisy_141,0.0
noisy_142,0.0
noisy_143,0.0
noisy_144,0.0
noisy_145,0.28723708070822634
noisy_146,0.0
noisy_147,0.1570827785123111
noisy_148,0.0
noisy_149,0.0
noisy_150,0.0
noisy_151,0.0
noisy_152,0.0
noisy_153,0.0
noisy_154,0.0
noisy_155,0.0
noisy_156,0.0
noisy_157,0.0
noisy_158,0.0
noisy_159,0.0
noisy_160,0.0
noisy_161,0.0
noisy_162,0.0
noisy_163,0.0
noisy_164,0.0
noisy_165,0.0
noisy_166,0.0
noisy_167,0.0
noisy_168,0.0
noisy_169,0.0
noisy_170,0.0
noisy_171,0.0
noisy_172,0.0
noisy_173,0.0
noisy_174,0.0
noisy_175,0.0
noisy_176,0.0
noisy_177,0.0
noisy_178,0.0
noisy_179,0.0
noisy_180,0.0
noisy_181,0.0
noisy_182,0.0
noisy_183,0.0
noisy_184,0.0
noisy_185,0.0
noisy_186,0.0
noisy_187,0.0
noisy_188,0.0
noisy_189,0.0
noisy_190,0.0
noisy_191,0.0
noisy_192,0.0
noisy_193,0.0
noisy_194,0.0
noisy_195,0.0
noisy_196,0.0
noisy_197,0.0
noisy_198,0.0
noisy_199,0.0
noisy_200,0.0
noisy_201,0.0
noisy_202,0.0
noisy_203,0.0
noisy_204,0.0
noisy_205,0.0
noisy_206,0.0
noisy_207,0.0
noisy_208,0.0
noisy_209,0.0
noisy_210,0.0
noisy_211,0.0
noisy_212,0.0
noisy_213,0.0
noisy_214,0.0
noisy_215,0.0
noisy_216,0.0
noisy_217,0.0
noisy_218,0.0
noisy_219,0.0
noisy_220,0.0
noisy_221,0.0
noisy_222,0.0
noisy_223,0.0
noisy_224,0.0
noisy_225,0.0
noisy_226,0.0
noisy_227,0.0
noisy_228,0.0
noisy_229,0.0
noisy_230,0.0
noisy_231,0.0
noisy_232,0.0
noisy_233,0.0
noisy_234,0.0
noisy_235,0.0
noisy_236,0.0
noisy_237,0.0
noisy_238,0.0
noisy_239,0.0
noisy_240,0.0
noisy_241,0.0
noisy_242,0.0
noisy_243,0.0
noisy_244,0.0
noisy_245,0.0
noisy_246,0.0
noisy_247,0.0
noisy_248,0.0
noisy_249,0.0
noisy_250,0.0
noisy_251,0.0
noisy_252,0.0
noisy_253,0.0
noisy_254,0.0
noisy_255,0.28632567756791016
noisy_256,0.0
noisy_257,0.2818410116467722
noisy_258,0.0
noisy_259,0.0
noisy_260,0.0
noisy_261,0.0
noisy_262,0.0
noisy_263,0.0
noisy_264,0.0
noisy_265,0.0
noisy_266,0.0
noisy_267,0.0
noisy_268,0.0
noisy_269,0.0
noisy_270,0.0
noisy_271,0.0
noisy_272,0.0
noisy_273,0.0
noisy_274,0.0
noisy_275,0.0
noisy_276,0.0
noisy_277,0.0
noisy_278,0.0
noisy_279,0.0
noisy_280,0.0
noisy_281,0.0
noisy_282,0.0
noisy_283,0.0
noisy_284,0.0
noisy_285,0.0
noisy_286,0.0
noisy_287,0.0
noisy_288,0.0
noisy_289,0.0
noisy_290,0.0
noisy_291,0.0
noisy_292,0.0
noisy_293,0.0
noisy_294,0.0
noisy_295,0.0
noisy_296,0.0
noisy_297,0.0
noisy_298,0.0
noisy_299,0.0
noisy_300,0.0
noisy_301,0.0
noisy_302,0.0
noisy_303,0.0
noisy_304,0.0
noisy_305,0.0
noisy_306,0.0
noisy_307,0.0
noisy_308,0.0
noisy_309,0.0
noisy_310,0.0
noisy_311,0.0
noisy_312,0.0
noisy_313,0.0
noisy_314,0.0
noisy_315,0.0
noisy_316,0.0
noisy_317,0.0
noisy_318,0.0
noisy_319,0.0
noisy_320,0.0
noisy_321,0.0
noisy_322,0.0
noisy_323,0.0
noisy_324,0.0
noisy_325,0.0
noisy_326,0.0
noisy_327,0.0
noisy_328,0.0
noisy_329,0.0
noisy_330,0.0
noisy_331,0.0
noisy_332,0.0
noisy_333,0.0
noisy_334,0.0
noisy_335,0.0
noisy_336,0.0
noisy_337,0.0
noisy_338,0.0
noisy_339,0.0
noisy_340,0.0
noisy_341,0.0
noisy_342,0.0
noisy_343,0.0
noisy_344,0.0
noisy_345,0.0
noisy_346,0.0
noisy_347,0.0
noisy_348,0.0
noisy_349,0.0
noisy_350,0.0
noisy_351,0.14447412739426602
noisy_352,0.4056280432212063
noisy_353,0.0
noisy_354,0.0
noisy_355,0.0
noisy_356,0.0
noisy_357,0.0
noisy_358,0.0
noisy_359,0.0
noisy_360,0.0
noisy_361,0.0
noisy_362,0.29955896296279966
noisy_363,0.0
noisy_364,0.0
noisy_365,0.0
noisy_366,0.0
noisy_367,0.0
noisy_368,0.5710586175968413
noisy_369,0.0
noisy_370,0.0
noisy_371,0.0
noisy_372,0.0
noisy_373,0.0
noisy_374,0.0
noisy_375,0.0
noisy_376,0.0
noisy_377,0.0
noisy_378,0.0
noisy_379,0.0
noisy_380,0.0
noisy_381,0.0
noisy_382,0.0
noisy_383,0.0
noisy_384,0.0
noisy_385,0.0
noisy_386,0.0
noisy_387,0.0
noisy_388,0.0
noisy_389,0.0
noisy_390,0.0
noisy_391,0.0
noisy_392,0.0
noisy_393,0.0
noisy_394,0.0
noisy_395,0.0
noisy_396,0.0
noisy_397,0.0
noisy_398,0.0
noisy_399,0.0
noisy_400,0.0
noisy_401,0.0
noisy_402,0.0
noisy_403,0.0
noisy_404,0.0
noisy_405,0.0
noisy_406,0.0
noisy_407,0.0
noisy_408,0.0
noisy_409,0.0
noisy_410,0.0
noisy_411,0.0
noisy_412,0.0
noisy_413,0.0
noisy_414,0.0
noisy_415,0.0
noisy_416,0.0
noisy_417,0.0
noisy_418,0.0
noisy_419,0.0
noisy_420,0.0
noisy_421,0.0
noisy_422,0.0
noisy_423,0.0
noisy_424,0.0
noisy_425,0.0
noisy_426,0.0
noisy_427,0.0
noisy_428,0.0
noisy_429,0.0
noisy_430,0.0
noisy_431,0.0
noisy_432,0.0
noisy_433,0.0
noisy_434,0.0
noisy_435,0.0
noisy_436,0.0
noisy_437,0.0
noisy_438,0.0
noisy_439,0.0
noisy_440,0.0
noisy_441,0.0
noisy_442,0.0
noisy_443,0.0
noisy_444,0.0
noisy_445,0.0
noisy_446,0.0
noisy_447,0.0
noisy_448,0.0
noisy_449,0.0
noisy_450,0.0
noisy_451,0.0
noisy_452,0.0
noisy_453,0.0
noisy_454,0.0
noisy_455,0.0
noisy_456,0.0
noisy_457,0.0
noisy_458,0.0
noisy_459,0.0
noisy_460,0.0
noisy_461,0.0
noisy_462,0.0
noisy_463,0.0
noisy_464,0.0
noisy_465,0.0
noisy_466,0.0
noisy_467,0.0
noisy_468,0.0
noisy_469,0.0
noisy_470,0.0
noisy_471,0.0
noisy_472,0.0
noisy_473,0.0
noisy_474,0.49824410716131
noisy_475,0.0
noisy_476,0.0
noisy_477,0.0
noisy_478,0.0
noisy_479,0.0
noisy_480,0.0
noisy_481,0.0
noisy_482,0.0
noisy_483,0.0
noisy_484,0.0
noisy_485,0.0
noisy_486,0.1620564379159873
noisy_487,0.0
noisy_488,0.0
noisy_489,0.0
noisy_490,0.0
noisy_491,0.0
noisy_492,0.0
noisy_493,0.0
noisy_494,0.0
noisy_495,0.0
noisy_496,0.0
noisy_497,0.0
noisy_498,0.0
noisy_499,0.0
noisy_500,0.0
noisy_501,0.0
noisy_502,0.0
noisy_503,0.0
noisy_504,0.0
noisy_505,0.0
noisy_506,0.0
noisy_507,0.0
noisy_508,0.0
noisy_509,0.0
noisy_510,0.0
noisy_511,0.0
noisy_512,0.0
noisy_513,0.0
noisy_514,0.0
noisy_515,0.0
noisy_516,0.0
noisy_517,0.0
noisy_518,0.0
noisy_519,0.0
noisy_520,0.0
noisy_521,0.0
noisy_522,0.0
noisy_523,0.0
noisy_524,0.0
noisy_525,0.0
noisy_526,0.0
noisy_527,0.0
noisy_528,0.0
noisy_529,0.0
noisy_530,0.0
noisy_531,0.0
noisy_532,0.0
noisy_533,0.0
noisy_534,0.0
noisy_535,0.0
noisy_536,0.0
noisy_537,0.0
noisy_538,0.0
noisy_539,0.0
noisy_540,0.0
noisy_541,0.0
noisy_542,0.0
noisy_543,0.0
noisy_544,0.0
noisy_545,0.0
noisy_546,0.0
noisy_547,0.0
noisy_548,0.0
noisy_549,0.0
noisy_550,0.0
noisy_551,0.0
noisy_552,0.0
noisy_553,0.0
noisy_554,0.0
noisy_555,0.0
noisy_556,0.0
noisy_557,0.0
noisy_558,0.0
noisy_559,0.0
noisy_560,0.0
noisy_561,0.0
noisy_562,0.0
noisy_563,0.0
noisy_564,0.0
noisy_565,0.0
noisy_566,0.0
noisy_567,0.0
noisy_568,0.0
noisy_569,0.0
noisy_570,0.0
noisy_571,0.0
noisy_572,0.0
noisy_573,0.0
noisy_574,0.0
noisy_575,0.0
noisy_576,0.0
noisy_577,0.0
noisy_578,0.0
noisy_579,0.0
noisy_580,0.0
noisy_581,0.0
noisy_582,0.0
noisy_583,0.0
noisy_584,0.0
noisy_585,0.0
noisy_586,0.0
noisy_587,0.0
noisy_588,0.0
noisy_589,0.0
noisy_590,0.0
noisy_591,0.0
noisy_592,0.0
noisy_593,0.0
noisy_594,0.0
noisy_595,0.0
noisy_596,0.0
noisy_597,0.0
noisy_598,0.0
noisy_599,0.0
noisy_600,0.0
noisy_601,0.0
noisy_602,0.0
noisy_603,0.0
noisy_604,0.0
noisy_605,0.0
noisy_606,0.0
noisy_607,0.0
noisy_608,0.0
noisy_609,0.0
noisy_610,0.0
noisy_611,0.0
noisy_612,0.0
noisy_613,0.0
noisy_614,0.0
noisy_615,0.0
noisy_616,0.0
noisy_617,0.0
noisy_618,0.0
noisy_619,0.0
noisy_620,0.0
noisy_621,0.0
noisy_622,0.0
noisy_623,0.0
noisy_624,0.0
noisy_625,0.0
noisy_626,0.0
noisy_627,0.0
noisy_628,0.0
noisy_629,0.0
noisy_630,0.0
noisy_631,0.0
noisy_632,0.0
noisy_633,0.0
noisy_634,0.0
noisy_635,0.0
noisy_636,0.0
noisy_637,0.0
noisy_638,0.0
noisy_639,0.0
noisy_640,0.0
noisy_641,0.0
noisy_642,0.0
noisy_643,0.0
noisy_644,0.0
noisy_645,0.0
noisy_646,0.0
noisy_647,0.0
noisy_648,0.0
noisy_649,0.0
noisy_650,0.0
noisy_651,0.0
noisy_652,0.0
noisy_653,0.0
noisy_654,0.0
noisy_655,0.0
noisy_656,0.0
noisy_657,0.0
noisy_658,0.0
noisy_659,0.0
noisy_660,0.0
noisy_661,0.0
noisy_662,0.0
noisy_663,0.0
noisy_664,0.0
noisy_665,0.0
noisy_666,0.0
noisy_667,0.0
noisy_668,0.0
noisy_669,0.0
noisy_670,0.0
noisy_671,0.0
noisy_672,0.0
noisy_673,0.0
noisy_674,0.0
noisy_675,0.0
noisy_676,0.0
noisy_677,0.0
noisy_678,0.0
noisy_679,0.0
noisy_680,0.0
noisy_681,0.0
noisy_682,0.0
noisy_683,0.0
noisy_684,0.0
noisy_685,0.0
noisy_686,0.0
noisy_687,0.0
noisy_688,0.0
noisy_689,0.0
noisy_690,0.0
noisy_691,0.0
noisy_692,0.0
noisy_693,0.0
noisy_694,0.0
noisy_695,0.0
noisy_696,0.0
noisy_697,0.0
noisy_698,0.0
noisy_699,0.0
noisy_700,0.0
noisy_701,0.0
noisy_702,0.0
noisy_703,0.0
noisy_704,0.0
noisy_705,0.0
noisy_706,0.0
noisy_707,0.0
noisy_708,0.0
noisy_709,0.0
noisy_710,0.0
noisy_711,0.0
noisy_712,0.0
noisy_713,0.0
noisy_714,0.0
noisy_715,0.0
noisy_716,0.0
noisy_717,0.0
noisy_718,0.0
noisy_719,0.0
noisy_720,0.0
noisy_721,0.0
noisy_722,0.0
noisy_723,0.0
noisy_724,0.0
noisy_725,0.0
noisy_726,0.0
noisy_727,0.0
noisy_728,0.0
noisy_729,0.0
noisy_730,0.0
noisy_731,0.0
noisy_732,0.0
noisy_733,0.0
noisy_734,0.0
noisy_735,0.0
noisy_736,0.0
noisy_737,0.0
noisy_738,0.0
noisy_739,0.0
noisy_740,0.0
noisy_741,0.0
noisy_742,0.0
noisy_743,0.0
noisy_744,0.0
noisy_745,0.7022445643026115
noisy_746,0.0
noisy_747,0.0
noisy_748,0.0
noisy_749,0.0
noisy_750,0.0
noisy_751,0.0
noisy_752,0.0
noisy_753,0.0
noisy_754,0.0
noisy_755,0.0
noisy_756,0.1975545147928225
noisy_757,0.0
noisy_758,0.0
noisy_759,0.0
noisy_760,0.0
noisy_761,0.0
noisy_762,0.0
noisy_763,0.0
noisy_764,0.0
noisy_765,0.0
noisy_766,0.0
noisy_767,0.0
noisy_768,0.0
noisy_769,0.0
noisy_770,0.0
noisy_771,0.0
noisy_772,0.0
noisy_773,0.0
noisy_774,0.0
noisy_775,0.0
noisy_776,0.0
noisy_777,0.0
noisy_778,0.0
noisy_779,0.0
noisy_780,0.0
noisy_781,0.0
noisy_782,0.0
noisy_783,0.0
noisy_784,0.0
noisy_785,0.0
noisy_786,0.0
noisy_787,0.0
noisy_788,0.0
noisy_789,0.0
noisy_790,0.0
noisy_791,0.16369553706756979
noisy_792,0.0
noisy_793,0.0
noisy_794,0.0
noisy_795,0.0
noisy_796,0.0
noisy_797,0.0
noisy_798,0.0
noisy_799,0.0
noisy_800,0.0
noisy_801,0.0
noisy_802,0.0
noisy_803,0.0
noisy_804,0.0
noisy_805,0.0
noisy_806,0.0
noisy_807,0.0
noisy_808,0.0
noisy_809,0.0
noisy_810,0.0
noisy_811,0.0
noisy_812,0.0
noisy_813,0.0
noisy_814,0.0
noisy_815,0.0
noisy_816,0.0
noisy_817,0.0
noisy_818,0.0
noisy_819,0.0
noisy_820,0.0
noisy_821,0.0
noisy_822,0.0
noisy_823,0.0
noisy_824,0.0
noisy_825,0.0
noisy_826,0.0
noisy_827,0.0
noisy_828,0.0
noisy_829,0.0
noisy_830,0.0
noisy_831,0.0
noisy_832,0.0
noisy_833,0.0
noisy_834,0.0
noisy_835,0.3064937715307685
noisy_836,0.0
noisy_837,0.0
noisy_838,0.0
noisy_839,0.0
noisy_840,0.0
noisy_841,0.0
noisy_842,0.0
noisy_843,0.0
noisy_844,0.0
noisy_845,0.0
noisy_846,0.0
noisy_847,0.0
noisy_848,0.0
noisy_849,0.0
noisy_850,0.0
noisy_851,0.0
noisy_852,0.0
noisy_853,0.0
noisy_854,0.0
noisy_855,0.0
noisy_856,0.0
noisy_857,0.0
noisy_858,0.0
noisy_859,0.0
noisy_860,0.0
noisy_861,0.0
noisy_862,0.0
noisy_863,0.0
noisy_864,0.0
noisy_865,0.0
noisy_866,0.0
noisy_867,0.0
noisy_868,0.0
noisy_869,0.0
noisy_870,0.0
noisy_871,0.0
noisy_872,0.0
noisy_873,0.0
noisy_874,0.0
noisy_875,0.0
noisy_876,0.0
noisy_877,0.0
noisy_878,0.0
noisy_879,0.0
noisy_880,0.0
noisy_881,0.0
noisy_882,0.0
noisy_883,0.0
noisy_884,0.0
noisy_885,0.0
noisy_886,0.0
noisy_887,0.0
noisy_888,0.0
noisy_889,0.0
noisy_890,0.0
noisy_891,0.0
noisy_892,0.0
noisy_893,0.0
noisy_894,0.0
noisy_895,0.0
noisy_896,0.0
noisy_897,0.12272092071274311
noisy_898,0.0
noisy_899,0.0
noisy_900,0.0
noisy_901,0.0
noisy_902,0.0
noisy_903,0.0
noisy_904,0.0
noisy_905,0.0
noisy_906,0.0
noisy_907,0.0
noisy_908,0.0
noisy_909,0.0
noisy_910,0.0
noisy_911,0.0
noisy_912,0.0
noisy_913,0.0
noisy_914,0.0
noisy_915,0.0
noisy_916,0.0
noisy_917,0.0
noisy_918,0.0
noisy_919,0.0
noisy_920,0.0
noisy_921,0.0
noisy_922,0.0
noisy_923,0.0
noisy_924,0.0
noisy_925,0.0
noisy_926,0.0
noisy_927,0.0
noisy_928,0.0
noisy_929,0.0
noisy_930,0.7273981489759145
noisy_931,0.0
noisy_932,0.0
noisy_933,0.0
noisy_934,0.0
noisy_935,0.0
noisy_936,0.0
noisy_937,0.0
noisy_938,0.0
noisy_939,0.0
noisy_940,0.0
noisy_941,0.0
noisy_942,0.0
noisy_943,0.0
noisy_944,0.0
noisy_945,0.0
noisy_946,0.0
noisy_947,0.0
noisy_948,0.0
noisy_949,0.0
noisy_950,0.0
noisy_951,0.0
noisy_952,0.0
noisy_953,0.0
noisy_954,0.0
noisy_955,0.0
noisy_956,0.0
noisy_957,0.0
noisy_958,0.0
noisy_959,0.0
noisy_960,0.0
noisy_961,0.0
noisy_962,0.0
noisy_963,0.0
noisy_964,0.4410694023355473
noisy_965,0.0
noisy_966,0.1352093477404021
noisy_967,0.0
noisy_968,0.6475274596956934
noisy_969,0.0
noisy_970,0.0
noisy_971,0.0
noisy_972,0.0
noisy_973,0.0
noisy_974,0.0
noisy_975,0.0
noisy_976,0.0
noisy_977,0.0
noisy_978,0.0
noisy_979,0.0
noisy_980,0.0
noisy_981,0.0
noisy_982,0.0
noisy_983,0.0
noisy_984,0.0
noisy_985,0.0
noisy_986,0.0
noisy_987,0.0
noisy_988,0.0
noisy_989,0.0
noisy_990,0.0
noisy_991,0.0
noisy_992,0.0
noisy_993,0.0
noisy_994,0.0
noisy_995,0.0
noisy_996,0.15665455665212097
noisy_997,0.0
noisy_998,0.0
noisy_999,0.0
noisy_1000,0.0
noisy_1001,0.0
noisy_1002,0.0
noisy_1003,0.0
noisy_1004,0.0
noisy_1005,0.0
noisy_1006,0.0
noisy_1007,0.0
noisy_1008,0.0
noisy_1009,0.0
noisy_1010,0.0
noisy_1011,0.0
noisy_1012,0.0
noisy_1013,0.0
noisy_1014,0.0
noisy_1015,0.0
noisy_1016,0.0
noisy_1017,0.0
noisy_1018,0.0
noisy_1019,0.0
noisy_1020,0.0
noisy_1021,0.0
noisy_1022,0.0
noisy_1023,0.0
noisy_1024,0.0
noisy_1025,0.0
noisy_1026,0.0
noisy_1027,0.0
noisy_1028,0.0
noisy_1029,0.0
noisy_1030,0.0
noisy_1031,0.0
noisy_1032,0.0
noisy_1033,0.0
noisy_1034,0.0
noisy_1035,0.0
noisy_1036,0.0
noisy_1037,0.0
noisy_1038,0.0
noisy_1039,0.0
noisy_1040,0.0
noisy_1041,0.0
noisy_1042,0.0
noisy_1043,0.0
noisy_1044,0.0
noisy_1045,0.0
noisy_1046,0.0
noisy_1047,0.0
noisy_1048,0.0
noisy_1049,0.0
noisy_1050,0.0
noisy_1051,0.0
noisy_1052,0.0
noisy_1053,0.0
noisy_1054,0.0
noisy_1055,0.0
noisy_1056,0.0
noisy_1057,0.0
noisy_1058,0.0
noisy_1059,0.0
noisy_1060,0.0
noisy_1061,0.0
noisy_1062,0.0
noisy_1063,0.0
noisy_1064,0.6109836226823225
noisy_1065,0.0
noisy_1066,0.9817673657019449
noisy_1067,0.0
noisy_1068,0.0
noisy_1069,0.0
noisy_1070,0.0
noisy_1071,0.0
noisy_1072,0.0
noisy_1073,0.0
noisy_1074,0.0
noisy_1075,0.0
noisy_1076,0.0
noisy_1077,0.0
noisy_1078,0.0
noisy_1079,0.0
noisy_1080,0.0
noisy_1081,0.0
noisy_1082,0.0
noisy_1083,0.0
noisy_1084,0.0
noisy_1085,0.0
noisy_1086,0.0
noisy_1087,0.0
noisy_1088,0.0
noisy_1089,0.0
noisy_1090,0.0
noisy_1091,0.0
noisy_1092,0.0
noisy_1093,0.0
noisy_1094,0.0
noisy_1095,0.0
noisy_1096,0.0
noisy_1097,0.0
noisy_1098,0.0
noisy_1099,0.0
noisy_1100,0.0
noisy_1101,0.0
noisy_1102,0.0
noisy_1103,0.0
noisy_1104,0.0
noisy_1105,0.0
noisy_1106,0.0
noisy_1107,0.0
noisy_1108,0.0
noisy_1109,0.0
noisy_1110,0.0
noisy_1111,0.0
noisy_1112,0.0
noisy_1113,0.0
noisy_1114,0.0
noisy_1115,0.0
noisy_1116,0.0
noisy_1117,0.0
noisy_1118,0.0
noisy_1119,0.0
noisy_1120,0.0
noisy_1121,0.0
noisy_1122,0.0
noisy_1123,0.0
noisy_1124,0.0
noisy_1125,0.0
noisy_1126,0.0
noisy_1127,0.0
noisy_1128,0.0
noisy_1129,0.0
noisy_1130,0.0
noisy_1131,0.0
noisy_1132,0.0
noisy_1133,0.0
noisy_1134,0.0
noisy_1135,0.0
noisy_1136,0.0
noisy_1137,0.0
noisy_1138,0.0
noisy_1139,0.0
noisy_1140,0.0
noisy_1141,0.0
noisy_1142,0.0
noisy_1143,0.0
noisy_1144,0.0
noisy_1145,0.0
noisy_1146,0.0
noisy_1147,0.0
noisy_1148,0.0
noisy_1149,0.0
noisy_1150,0.0
noisy_1151,0.0
noisy_1152,0.0
noisy_1153,0.0
noisy_1154,0.0
noisy_1155,0.0
noisy_1156,0.0
noisy_1157,0.0
noisy_1158,0.0
noisy_1159,0.0
noisy_1160,0.0
noisy_1161,0.279488639304384
noisy_1162,0.0
noisy_1163,0.0
noisy_1164,0.0
noisy_1165,0.0
noisy_1166,0.0
noisy_1167,0.0
noisy_1168,0.7890895916360443
noisy_1169,0.0
noisy_1170,0.0
noisy_1171,0.0
noisy_1172,0.0
noisy_1173,0.0
noisy_1174,0.0
noisy_1175,0.0
noisy_1176,0.0
noisy_1177,0.0
noisy_1178,0.0
noisy_1179,0.0
noisy_1180,0.0
noisy_1181,0.0
noisy_1182,0.0
noisy_1183,0.0
noisy_1184,0.0
noisy_1185,0.0
noisy_1186,0.0
noisy_1187,0.0
noisy_1188,0.0
noisy_1189,0.0
noisy_1190,0.0
noisy_1191,0.0
noisy_1192,0.0
noisy_1193,0.0
noisy_1194,0.0
noisy_1195,0.0
noisy_1196,0.0
noisy_1197,0.0
noisy_1198,0.0
noisy_1199,0.0
noisy_1200,0.0
noisy_1201,0.0
noisy_1202,0.0
noisy_1203,0.0
noisy_1204,0.0
noisy_1205,0.0
noisy_1206,0.0
noisy_1207,0.0
noisy_1208,0.0
noisy_1209,0.0
noisy_1210,0.0
noisy_1211,0.0
noisy_1212,0.0
noisy_1213,0.0
noisy_1214,0.0
noisy_1215,0.0
noisy_1216,0.0
noisy_1217,0.0
noisy_1218,0.0
noisy_1219,0.0
noisy_1220,0.0
noisy_1221,0.0
noisy_1222,0.0
noisy_1223,0.0
noisy_1224,0.2778110364274068
noisy_1225,0.0
noisy_1226,0.0
noisy_1227,0.0
noisy_1228,0.0
noisy_1229,0.0
noisy_1230,0.0
noisy_1231,0.0
noisy_1232,0.0
noisy_1233,0.6910169266212408
noisy_1234,0.0
noisy_1235,0.0
noisy_1236,0.0
noisy_1237,0.0
noisy_1238,0.0
noisy_1239,0.0
noisy_1240,0.0
noisy_1241,0.0
noisy_1242,0.0
noisy_1243,0.0
noisy_1244,0.0
noisy_1245,0.0
noisy_1246,0.0
noisy_1247,0.0
noisy_1248,0.0
noisy_1249,0.0
noisy_1250,0.0
noisy_1251,0.0
noisy_1252,0.0
noisy_1253,0.0
noisy_1254,0.0
noisy_1255,0.0
noisy_1256,0.0
noisy_1257,0.0
noisy_1258,0.0
noisy_1259,0.0
noisy_1260,0.0
noisy_1261,0.0
noisy_1262,0.0
noisy_1263,0.0
noisy_1264,0.0
noisy_1265,0.0
noisy_1266,0.0
noisy_1267,0.0
noisy_1268,0.0
noisy_1269,0.0
noisy_1270,0.0
noisy_1271,0.0
noisy_1272,0.0
noisy_1273,0.0
noisy_1274,0.0
noisy_1275,0.0
noisy_1276,0.0
noisy_1277,0.0
noisy_1278,0.0
noisy_1279,0.0
noisy_1280,0.0
noisy_1281,0.0
noisy_1282,0.0
noisy_1283,0.0
noisy_1284,0.0
noisy_1285,0.0
noisy_1286,0.0
noisy_1287,0.0
noisy_1288,0.0
noisy_1289,0.0
noisy_1290,0.0
noisy_1291,0.0
noisy_1292,0.0
noisy_1293,0.0
noisy_1294,0.0
noisy_1295,0.0
noisy_1296,0.0
noisy_1297,0.0
noisy_1298,0.0
noisy_1299,0.0
noisy_1300,0.0
noisy_1301,0.0
noisy_1302,0.23141659334402992
noisy_1303,0.0
noisy_1304,0.0
noisy_1305,0.0
noisy_1306,0.0
noisy_1307,0.0
noisy_1308,0.0
noisy_1309,0.0
noisy_1310,0.0
noisy_1311,0.3127610963644295
noisy_1312,0.0
noisy_1313,0.0
noisy_1314,0.0
noisy_1315,0.0
noisy_1316,0.0
noisy_1317,0.0
noisy_1318,0.0
noisy_1319,0.0
noisy_1320,0.0
noisy_1321,0.0
noisy_1322,0.0
noisy_1323,0.0
noisy_1324,0.0
noisy_1325,0.0
noisy_1326,0.0
noisy_1327,0.0
noisy_1328,0.0
noisy_1329,0.0
noisy_1330,0.0
noisy_1331,0.0
noisy_1332,0.0
noisy_1333,0.0
noisy_1334,0.0
noisy_1335,0.0
noisy_1336,0.5117798858006171
noisy_1337,0.27096148692095023
noisy_1338,0.0
noisy_1339,0.0
noisy_1340,0.0
noisy_1341,0.0
noisy_1342,0.0
noisy_1343,0.0
noisy_1344,0.0
noisy_1345,0.0
noisy_1346,0.0
noisy_1347,0.0
noisy_1348,0.0
noisy_1349,0.0
noisy_1350,0.0
noisy_1351,0.0
noisy_1352,0.0
noisy_1353,0.0
noisy_1354,0.0
noisy_1355,0.0
noisy_1356,0.0
noisy_1357,0.0
noisy_1358,0.0
noisy_1359,0.0
noisy_1360,0.0
noisy_1361,0.0
noisy_1362,0.0
noisy_1363,0.0
noisy_1364,0.0
noisy_1365,0.0
noisy_1366,0.0
noisy_1367,0.0
noisy_1368,0.0
noisy_1369,0.0
noisy_1370,0.0
noisy_1371,0.0
noisy_1372,0.0
noisy_1373,0.0
noisy_1374,0.0
noisy_1375,0.0
noisy_1376,0.0
noisy_1377,0.0
noisy_1378,0.0
noisy_1379,0.0
noisy_1380,0.0
noisy_1381,0.0
noisy_1382,0.0
noisy_1383,0.0
noisy_1384,0.0
noisy_1385,0.0
noisy_1386,0.0
noisy_1387,0.0
noisy_1388,0.0
noisy_1389,0.0
noisy_1390,0.0
noisy_1391,0.0
noisy_1392,0.0
noisy_1393,0.0
noisy_1394,0.0
noisy_1395,0.0
noisy_1396,0.0
noisy_1397,0.0
noisy_1398,0.0
noisy_1399,0.0
noisy_1400,0.0
noisy_1401,0.0
noisy_1402,0.0
noisy_1403,0.0
noisy_1404,0.0
noisy_1405,0.0
noisy_1406,0.0
noisy_1407,0.0
noisy_1408,0.0
noisy_1409,0.0
noisy_1410,0.0
noisy_1411,0.0
noisy_1412,0.0
noisy_1413,0.0
noisy_1414,0.0
noisy_1415,0.0
noisy_1416,0.0
noisy_1417,0.0
noisy_1418,0.0
noisy_1419,0.0
noisy_1420,0.0
noisy_1421,0.0
noisy_1422,0.0
noisy_1423,0.0
noisy_1424,0.0
noisy_1425,0.0
noisy_1426,0.0
noisy_1427,0.0
noisy_1428,0.0
noisy_1429,0.0
noisy_1430,0.0
noisy_1431,0.0
noisy_1432,0.0
noisy_1433,0.0
noisy_1434,0.0
noisy_1435,0.0
noisy_1436,0.0
noisy_1437,0.0
noisy_1438,0.0
noisy_1439,0.0
noisy_1440,0.0
noisy_1441,0.0
noisy_1442,0.0
noisy_1443,0.0
noisy_1444,0.0
noisy_1445,0.0
noisy_1446,0.0
noisy_1447,0.0
noisy_1448,0.0
noisy_1449,0.7224305416570588
noisy_1450,0.0
noisy_1451,0.0
noisy_1452,0.0
noisy_1453,0.0
noisy_1454,0.0
noisy_1455,0.0
noisy_1456,0.0
noisy_1457,0.0
noisy_1458,0.0
noisy_1459,0.0
noisy_1460,0.0
noisy_1461,0.0
noisy_1462,0.30250535077650975
noisy_1463,0.0
noisy_1464,0.0
noisy_1465,0.0
noisy_1466,0.0
noisy_1467,0.0
noisy_1468,0.0
noisy_1469,0.0
noisy_1470,0.0
noisy_1471,0.0
noisy_1472,0.0
noisy_1473,0.0
noisy_1474,0.8620689655172417
noisy_1475,0.0
noisy_1476,0.0
noisy_1477,0.0
noisy_1478,0.0
noisy_1479,0.0
noisy_1480,0.0
noisy_1481,0.0
noisy_1482,0.0
noisy_1483,0.0
noisy_1484,0.0
noisy_1485,0.0
noisy_1486,0.0
noisy_1487,0.0
noisy_1488,0.0
noisy_1489,0.0
noisy_1490,0.0
noisy_1491,0.0
noisy_1492,0.0
noisy_1493,0.0
noisy_1494,0.0
noisy_1495,0.0
noisy_1496,0.0
noisy_1497,0.0
noisy_1498,0.0
noisy_1499,0.0
noisy_1500,0.0
noisy_1501,0.0
noisy_1502,0.0
noisy_1503,0.0
noisy_1504,0.0
noisy_1505,0.0
noisy_1506,0.0
noisy_1507,0.0
noisy_1508,0.0
noisy_1509,0.0
noisy_1510,0.0
noisy_1511,0.0
noisy_1512,0.0
noisy_1513,0.0
noisy_1514,0.0
noisy_1515,0.0
noisy_1516,0.0
noisy_1517,0.0
noisy_1518,0.0
noisy_1519,0.0
noisy_1520,0.0
noisy_1521,0.0
noisy_1522,0.0
noisy_1523,0.0
noisy_1524,0.0
noisy_1525,0.0
noisy_1526,0.0
noisy_1527,0.0
noisy_1528,0.0
noisy_1529,0.0
noisy_1530,0.0
noisy_1531,0.0
noisy_1532,0.4362754953756972
noisy_1533,0.0
noisy_1534,0.0
noisy_1535,0.0
noisy_1536,0.0
noisy_1537,0.0
noisy_1538,0.0
noisy_1539,0.0
noisy_1540,0.0
noisy_1541,0.0
noisy_1542,0.0
noisy_1543,0.0
noisy_1544,0.0
noisy_1545,0.0
noisy_1546,0.0
noisy_1547,0.0
noisy_1548,0.10803762527732487
noisy_1549,0.0
noisy_1550,0.0
noisy_1551,0.0
noisy_1552,0.0
noisy_1553,0.0
noisy_1554,0.0
noisy_1555,0.0
noisy_1556,0.0
noisy_1557,0.0
noisy_1558,0.0
noisy_1559,0.0
noisy_1560,0.0
noisy_1561,0.0
noisy_1562,0.0
noisy_1563,0.0
noisy_1564,0.0
noisy_1565,0.0
noisy_1566,0.0
noisy_1567,0.0
noisy_1568,0.0
noisy_1569,0.0
noisy_1570,0.0
noisy_1571,0.0
noisy_1572,0.0
noisy_1573,0.0
noisy_1574,0.0
noisy_1575,0.0
noisy_1576,0.0
noisy_1577,0.0
noisy_1578,0.0
noisy_1579,0.0
noisy_1580,0.0
noisy_1581,0.0
noisy_1582,0.0
noisy_1583,0.0
noisy_1584,0.0
noisy_1585,0.0
noisy_1586,0.0
noisy_1587,0.0
noisy_1588,0.0
noisy_1589,0.0
noisy_1590,0.0
noisy_1591,0.0
noisy_1592,0.0
noisy_1593,0.0
noisy_1594,0.0
noisy_1595,0.0
noisy_1596,0.0
noisy_1597,0.0
noisy_1598,0.0
noisy_1599,0.0
noisy_1600,0.0
noisy_1601,0.0
noisy_1602,0.0
noisy_1603,0.0
noisy_1604,0.0
noisy_1605,0.0
noisy_1606,0.0
noisy_1607,0.0
noisy_1608,0.0
noisy_1609,0.0
noisy_1610,0.0
noisy_1611,0.0
noisy_1612,0.0
noisy_1613,0.0
noisy_1614,0.0
noisy_1615,0.0
noisy_1616,0.0
noisy_1617,0.0
noisy_1618,0.0
noisy_1619,0.0
noisy_1620,0.0
noisy_1621,0.0
noisy_1622,0.0
noisy_1623,0.0
noisy_1624,0.0
noisy_1625,0.0
noisy_1626,0.0
noisy_1627,0.0
noisy_1628,0.0
noisy_1629,0.0
noisy_1630,0.0
noisy_1631,0.0
noisy_1632,0.0
noisy_1633,0.0
noisy_1634,0.0
noisy_1635,0.0
noisy_1636,0.0
noisy_1637,0.0
noisy_1638,0.0
noisy_1639,0.0
noisy_1640,0.0
noisy_1641,0.0
noisy_1642,0.0
noisy_1643,0.0
noisy_1644,0.0
noisy_1645,0.0
noisy_1646,0.0
noisy_1647,0.0
noisy_1648,0.7411381094024486
noisy_1649,0.0
noisy_1650,0.0
noisy_1651,0.0
noisy_1652,0.0
noisy_1653,0.0
noisy_1654,0.0
noisy_1655,0.0
noisy_1656,0.0
noisy_1657,0.0
noisy_1658,0.0
noisy_1659,0.0
noisy_1660,0.0
noisy_1661,0.0
noisy_1662,0.0
noisy_1663,0.0
noisy_1664,0.0
noisy_1665,0.0
noisy_1666,0.0
noisy_1667,0.0
noisy_1668,0.0
noisy_1669,0.0
noisy_1670,0.0
noisy_1671,0.0
noisy_1672,0.0
noisy_1673,0.0
noisy_1674,0.0
noisy_1675,0.0
noisy_1676,0.0
noisy_1677,0.0
noisy_1678,0.0
noisy_1679,0.0
noisy_1680,0.0
noisy_1681,0.0
noisy_1682,0.0
noisy_1683,0.0
noisy_1684,0.0
noisy_1685,0.0
noisy_1686,0.0
noisy_1687,0.0
noisy_1688,0.0
noisy_1689,0.0
noisy_1690,0.0
noisy_1691,0.0
noisy_1692,0.0
noisy_1693,0.0
noisy_1694,0.0
noisy_1695,0.0
noisy_1696,0.0
noisy_1697,0.0
noisy_1698,0.0
noisy_1699,0.0
noisy_1700,0.0
noisy_1701,0.0
noisy_1702,0.0
noisy_1703,0.3055921400701477
noisy_1704,0.0
noisy_1705,0.0
noisy_1706,0.0
noisy_1707,0.0
noisy_1708,0.0
noisy_1709,0.0
noisy_1710,0.0
noisy_1711,0.0
noisy_1712,0.0
noisy_1713,0.0
noisy_1714,0.0
noisy_1715,0.0
noisy_1716,0.0
noisy_1717,0.0
noisy_1718,0.0
noisy_1719,0.0
noisy_1720,0.0
noisy_1721,0.0
noisy_1722,0.0
noisy_1723,0.0
noisy_1724,0.0
noisy_1725,0.0
noisy_1726,0.0
noisy_1727,0.0
noisy_1728,0.0
noisy_1729,0.0
noisy_1730,0.0
noisy_1731,0.0
noisy_1732,0.0
noisy_1733,0.0
noisy_1734,0.0
noisy_1735,0.0
noisy_1736,0.0
noisy_1737,0.0
noisy_1738,0.0
noisy_1739,0.0
noisy_1740,0.0
noisy_1741,0.0
noisy_1742,0.0
noisy_1743,0.0
noisy_1744,0.0
noisy_1745,0.0
noisy_1746,0.0
noisy_1747,0.0
noisy_1748,0.0
noisy_1749,0.0
noisy_1750,0.0
noisy_1751,0.0
noisy_1752,0.0
noisy_1753,0.0
noisy_1754,0.0
noisy_1755,0.0
noisy_1756,0.0
noisy_1757,0.0
noisy_1758,0.0
noisy_1759,0.0
noisy_1760,0.0
noisy_1761,0.0
noisy_1762,0.0
noisy_1763,0.0
noisy_1764,0.0
noisy_1765,0.0
noisy_1766,0.0
noisy_1767,0.0
noisy_1768,0.0
noisy_1769,0.0
noisy_1770,0.0
noisy_1771,0.0
noisy_1772,0.0
noisy_1773,0.0
noisy_1774,0.0
noisy_1775,0.0
noisy_1776,0.0
noisy_1777,0.0
noisy_1778,0.0
noisy_1779,0.0
noisy_1780,0.0
noisy_1781,0.0
noisy_1782,0.3032345013477089
noisy_1783,0.0
noisy_1784,0.0
noisy_1785,0.0
noisy_1786,0.0
noisy_1787,0.0
noisy_1788,0.0
noisy_1789,0.0
noisy_1790,0.0
noisy_1791,0.0
noisy_1792,0.0
noisy_1793,0.0
noisy_1794,0.0
noisy_1795,0.0
noisy_1796,0.0
noisy_1797,0.0
noisy_1798,0.0
noisy_1799,0.0
noisy_1800,0.0
noisy_1801,0.0
noisy_1802,0.0
noisy_1803,0.0
noisy_1804,0.0
noisy_1805,0.0
noisy_1806,0.0
noisy_1807,0.0
noisy_1808,0.0
noisy_1809,0.0
noisy_1810,0.0
noisy_1811,0.0
noisy_1812,0.0
noisy_1813,0.0
noisy_1814,0.0
noisy_1815,0.0
noisy_1816,0.0
noisy_1817,0.0
noisy_1818,0.0
noisy_1819,0.0
noisy_1820,0.0
noisy_1821,0.0
noisy_1822,0.0
noisy_1823,0.0
noisy_1824,0.0
noisy_1825,0.0
noisy_1826,0.0
noisy_1827,0.0
noisy_1828,0.0
noisy_1829,0.0
noisy_1830,0.0
noisy_1831,0.0
noisy_1832,0.0
noisy_1833,0.0
noisy_1834,0.0
noisy_1835,0.0
noisy_1836,0.0
noisy_1837,0.0
noisy_1838,0.0
noisy_1839,0.0
noisy_1840,0.0
noisy_1841,0.0
noisy_1842,0.0
noisy_1843,0.0
noisy_1844,0.0
noisy_1845,0.0
noisy_1846,0.0
noisy_1847,0.0
noisy_1848,0.0
noisy_1849,0.0
noisy_1850,0.0
noisy_1851,0.0
noisy_1852,0.0
noisy_1853,0.0
noisy_1854,0.0
noisy_1855,0.0
noisy_1856,0.0
noisy_1857,0.0
noisy_1858,0.0
noisy_1859,0.0
noisy_1860,0.0
noisy_1861,0.0
noisy_1862,0.0
noisy_1863,0.0
noisy_1864,0.0
noisy_1865,0.0
noisy_1866,0.0
noisy_1867,0.0
noisy_1868,0.0
noisy_1869,0.0
noisy_1870,0.0
noisy_1871,0.0
noisy_1872,0.0
noisy_1873,0.0
noisy_1874,0.0
noisy_1875,0.0
noisy_1876,0.0
noisy_1877,0.0
noisy_1878,0.0
noisy_1879,0.0
noisy_1880,0.0
noisy_1881,0.0
noisy_1882,0.0
noisy_1883,0.0
noisy_1884,0.0
noisy_1885,0.0
noisy_1886,0.0
noisy_1887,0.0
noisy_1888,0.0
noisy_1889,0.0
noisy_1890,0.0
noisy_1891,0.0
noisy_1892,0.0
noisy_1893,0.0
noisy_1894,0.0
noisy_1895,0.0
noisy_1896,0.160136938435666
noisy_1897,0.0
noisy_1898,0.0
noisy_1899,0.0
noisy_1900,0.0
noisy_1901,0.0
noisy_1902,0.0
noisy_1903,0.0
noisy_1904,0.0
noisy_1905,0.0
noisy_1906,0.0
noisy_1907,0.0
noisy_1908,0.0
noisy_1909,0.0
noisy_1910,0.0
noisy_1911,0.0
noisy_1912,0.0
noisy_1913,0.0
noisy_1914,0.0
noisy_1915,0.0
noisy_1916,0.0
noisy_1917,0.0
noisy_1918,0.0
noisy_1919,0.0
noisy_1920,0.0
noisy_1921,0.0
noisy_1922,0.0
noisy_1923,0.0
noisy_1924,0.0
noisy_1925,0.0
noisy_1926,0.0
noisy_1927,0.0
noisy_1928,0.0
noisy_1929,0.0
noisy_1930,0.0
noisy_1931,0.0
noisy_1932,0.0
noisy_1933,0.0
noisy_1934,0.0
noisy_1935,0.0
noisy_1936,0.0
noisy_1937,0.0
noisy_1938,0.0
noisy_1939,0.0
noisy_1940,0.0
noisy_1941,0.0
noisy_1942,0.0
noisy_1943,0.0
noisy_1944,0.0
noisy_1945,0.0
noisy_1946,0.0
noisy_1947,0.0
noisy_1948,0.0
noisy_1949,0.0
noisy_1950,0.0
noisy_1951,0.0
noisy_1952,0.0
noisy_1953,0.0
noisy_1954,0.0
noisy_1955,0.0
noisy_1956,0.0
noisy_1957,0.0
noisy_1958,0.0
noisy_1959,0.0
noisy_1960,0.0
noisy_1961,0.0
noisy_1962,0.0
noisy_1963,0.0
noisy_1964,0.0
noisy_1965,0.0
noisy_1966,0.0
noisy_1967,0.0
noisy_1968,0.0
noisy_1969,0.0
noisy_1970,0.0
noisy_1971,0.0
noisy_1972,0.0
noisy_1973,0.0
noisy_1974,0.0
noisy_1975,0.0
noisy_1976,0.0
noisy_1977,0.0
noisy_1978,0.0
noisy_1979,0.0
noisy_1980,0.0
noisy_1981,0.0
noisy_1982,0.0
noisy_1983,0.0
noisy_1984,0.0
noisy_1985,0.0
noisy_1986,0.0
noisy_1987,0.0
noisy_1988,0.0
noisy_1989,0.0
noisy_1990,0.0
noisy_1991,0.0
noisy_1992,0.0
noisy_1993,0.0
noisy_1994,0.0
noisy_1995,0.0
noisy_1996,0.0
noisy_1997,0.0
noisy_1998,0.0
noisy_1999,0.0
noisy_2000,0.0
noisy_2001,0.0
noisy_2002,0.0
noisy_2003,0.0
noisy_2004,0.0
noisy_2005,0.0
noisy_2006,0.0
noisy_2007,0.0
noisy_2008,0.0
noisy_2009,0.0
noisy_2010,0.0
noisy_2011,0.0
noisy_2012,0.0
noisy_2013,0.0
noisy_2014,0.0
noisy_2015,0.0
noisy_2016,0.0
noisy_2017,0.0
noisy_2018,0.0
noisy_2019,0.0
noisy_2020,0.0
noisy_2021,0.0
noisy_2022,0.0
noisy_2023,0.0
noisy_2024,0.0
noisy_2025,0.0
noisy_2026,0.0
noisy_2027,0.0
noisy_2028,0.0
noisy_2029,0.0
noisy_2030,0.0
noisy_2031,0.0
noisy_2032,0.0
noisy_2033,0.0
noisy_2034,0.0
noisy_2035,0.0
noisy_2036,0.0
noisy_2037,0.0
noisy_2038,0.0
noisy_2039,0.0
noisy_2040,0.0
noisy_2041,0.0
noisy_2042,0.0
noisy_2043,0.0
noisy_2044,0.0
noisy_2045,0.0
noisy_2046,0.0
noisy_2047,0.0
noisy_2048,0.0
noisy_2049,0.0
noisy_2050,0.0
noisy_2051,0.0
noisy_2052,0.0
noisy_2053,0.0
noisy_2054,0.0
noisy_2055,0.0
noisy_2056,0.0
noisy_2057,0.0
noisy_2058,0.6570659344260833
noisy_2059,0.0
noisy_2060,0.0
noisy_2061,0.0
noisy_2062,0.0
noisy_2063,0.0
noisy_2064,0.0
noisy_2065,0.0
noisy_2066,0.0
noisy_2067,0.0
noisy_2068,0.0
noisy_2069,0.0
noisy_2070,0.0
noisy_2071,0.0
noisy_2072,0.0
noisy_2073,0.0
noisy_2074,0.0
noisy_2075,0.0
noisy_2076,0.0
noisy_2077,0.0
noisy_2078,0.0
noisy_2079,0.0
noisy_2080,0.0
noisy_2081,0.0
noisy_2082,0.0
noisy_2083,0.0
noisy_2084,0.0
noisy_2085,0.0
noisy_2086,0.0
noisy_2087,0.0
noisy_2088,0.0
noisy_2089,0.0
noisy_2090,0.0
noisy_2091,0.0
noisy_2092,0.0
noisy_2093,0.0
noisy_2094,0.0
noisy_2095,0.0
noisy_2096,0.0
noisy_2097,0.0
noisy_2098,0.0
noisy_2099,0.0
noisy_2100,0.0
noisy_2101,0.0
noisy_2102,0.0
noisy_2103,0.0
noisy_2104,0.0
noisy_2105,0.0
noisy_2106,0.0
noisy_2107,0.0
noisy_2108,0.0
noisy_2109,0.0
noisy_2110,0.0
noisy_2111,0.0
noisy_2112,0.0
noisy_2113,0.0
noisy_2114,0.0
noisy_2115,0.0
noisy_2116,0.0
noisy_2117,0.0
noisy_2118,0.0
noisy_2119,0.0
noisy_2120,0.0
noisy_2121,0.0
noisy_2122,0.0
noisy_2123,0.0
noisy_2124,0.0
noisy_2125,0.0
noisy_2126,0.0
noisy_2127,0.0
noisy_2128,0.0
noisy_2129,0.0
noisy_2130,0.0
noisy_2131,0.0
noisy_2132,0.0
noisy_2133,0.0
noisy_2134,0.0
noisy_2135,0.0
noisy_2136,0.0
noisy_2137,0.0
noisy_2138,0.0
noisy_2139,0.0
noisy_2140,0.0
noisy_2141,0.0
noisy_2142,0.0
noisy_2143,0.0
noisy_2144,0.0
noisy_2145,0.0
noisy_2146,0.0
noisy_2147,0.0
noisy_2148,0.0
noisy_2149,0.0
noisy_2150,0.0
noisy_2151,0.0
noisy_2152,0.0
noisy_2153,0.0
noisy_2154,0.0
noisy_2155,0.0
noisy_2156,0.0
noisy_2157,0.0
noisy_2158,0.0
noisy_2159,0.0
noisy_2160,0.0
noisy_2161,0.15817363114086885
noisy_2162,0.0
noisy_2163,0.0
noisy_2164,0.0
noisy_2165,0.0
noisy_2166,0.0
noisy_2167,0.0
noisy_2168,0.0
noisy_2169,0.0
noisy_2170,0.0
noisy_2171,0.0
noisy_2172,0.0
noisy_2173,0.0
noisy_2174,0.0
noisy_2175,0.0
noisy_2176,0.0
noisy_2177,0.0
noisy_2178,0.0
noisy_2179,0.0
noisy_2180,0.0
noisy_2181,0.0
noisy_2182,0.0
noisy_2183,0.0
noisy_2184,0.0
noisy_2185,0.0
noisy_2186,0.0
noisy_2187,0.0
noisy_2188,0.0
noisy_2189,0.0
noisy_2190,0.0
noisy_2191,0.0
noisy_2192,0.0
noisy_2193,0.0
noisy_2194,0.0
noisy_2195,0.0
noisy_2196,0.0
noisy_2197,0.0
noisy_2198,0.0
noisy_2199,0.0
noisy_2200,0.0
noisy_2201,0.0
noisy_2202,0.0
noisy_2203,0.0
noisy_2204,0.0
noisy_2205,0.0
noisy_2206,0.0
noisy_2207,0.0
noisy_2208,0.0
noisy_2209,0.0
noisy_2210,0.0
noisy_2211,0.0
noisy_2212,0.0
noisy_2213,0.0
noisy_2214,0.0
noisy_2215,0.0
noisy_2216,0.0
noisy_2217,0.0
noisy_2218,0.0
noisy_2219,0.0
noisy_2220,0.0
noisy_2221,0.0
noisy_2222,0.0
noisy_2223,0.0
noisy_2224,0.0
noisy_2225,0.0
noisy_2226,0.0
noisy_2227,0.0
noisy_2228,0.0
noisy_2229,0.0
noisy_2230,0.0
noisy_2231,0.0
noisy_2232,0.0
noisy_2233,0.0
noisy_2234,0.0
noisy_2235,0.0
noisy_2236,0.0
noisy_2237,0.0
noisy_2238,0.0
noisy_2239,0.0
noisy_2240,0.0
noisy_2241,0.0
noisy_2242,0.0
noisy_2243,0.0
noisy_2244,0.0
noisy_2245,0.0
noisy_2246,0.0
noisy_2247,0.0
noisy_2248,0.0
noisy_2249,0.0
noisy_2250,0.0
noisy_2251,0.0
noisy_2252,0.0
noisy_2253,0.0
noisy_2254,0.0
noisy_2255,0.0
noisy_2256,0.0
noisy_2257,0.0
noisy_2258,0.0
noisy_2259,0.0
noisy_2260,0.0
noisy_2261,0.0
noisy_2262,0.0
noisy_2263,0.0
noisy_2264,0.0
noisy_2265,0.0
noisy_2266,0.0
noisy_2267,0.0
noisy_2268,0.0
noisy_2269,0.0
noisy_2270,0.0
noisy_2271,0.0
noisy_2272,0.0
noisy_2273,0.0
noisy_2274,0.0
noisy_2275,0.0
noisy_2276,0.0
noisy_2277,0.0
noisy_2278,0.0
noisy_2279,0.0
noisy_2280,0.0
noisy_2281,0.0
noisy_2282,0.0
noisy_2283,0.0
noisy_2284,0.0
noisy_2285,0.0
noisy_2286,0.0
noisy_2287,0.0
noisy_2288,0.0
noisy_2289,0.0
noisy_2290,0.0
noisy_2291,0.0
noisy_2292,0.0
noisy_2293,0.0
noisy_2294,0.0
noisy_2295,0.0
noisy_2296,0.0
noisy_2297,0.0
noisy_2298,0.0
noisy_2299,0.0
noisy_2300,0.0
noisy_2301,0.0
noisy_2302,0.0
noisy_2303,0.0
noisy_2304,0.0
noisy_2305,0.0
noisy_2306,0.0
noisy_2307,0.0
noisy_2308,0.0
noisy_2309,0.6441225781479546
noisy_2310,0.0
noisy_2311,0.0
noisy_2312,0.0
noisy_2313,0.0
noisy_2314,0.0
noisy_2315,0.0
noisy_2316,0.0
noisy_2317,0.0
noisy_2318,0.0
noisy_2319,0.0
noisy_2320,0.0
noisy_2321,0.0
noisy_2322,0.0
noisy_2323,0.0
noisy_2324,0.0
noisy_2325,0.0
noisy_2326,0.0
noisy_2327,0.0
noisy_2328,0.0
noisy_2329,0.0
noisy_2330,0.0
noisy_2331,0.0
noisy_2332,0.0
noisy_2333,0.0
noisy_2334,0.0
noisy_2335,0.0
noisy_2336,0.0
noisy_2337,0.0
noisy_2338,0.0
noisy_2339,0.0
noisy_2340,0.0
noisy_2341,0.0
noisy_2342,0.0
noisy_2343,0.0
noisy_2344,0.0
noisy_2345,0.0
noisy_2346,0.0
noisy_2347,0.0
noisy_2348,0.0
noisy_2349,0.0
noisy_2350,0.0
noisy_2351,0.0
noisy_2352,0.0
noisy_2353,0.0
noisy_2354,0.0
noisy_2355,0.0
noisy_2356,0.0
noisy_2357,0.0
noisy_2358,0.0
noisy_2359,0.0
noisy_2360,0.0
noisy_2361,0.0
noisy_2362,0.0
noisy_2363,0.0
noisy_2364,0.0
noisy_2365,0.0
noisy_2366,0.0
noisy_2367,0.0
noisy_2368,0.0
noisy_2369,0.0
noisy_2370,0.0
noisy_2371,0.0
noisy_2372,0.0
noisy_2373,0.0
noisy_2374,0.0
noisy_2375,0.0
noisy_2376,0.0
noisy_2377,0.0
noisy_2378,0.0
noisy_2379,0.0
noisy_2380,0.0
noisy_2381,0.0
noisy_2382,0.0
noisy_2383,0.0
noisy_2384,0.0
noisy_2385,0.0
noisy_2386,0.0
noisy_2387,0.0
noisy_2388,0.0
noisy_2389,0.0
noisy_2390,0.0
noisy_2391,0.0
noisy_2392,0.0
noisy_2393,0.0
noisy_2394,0.0
noisy_2395,0.0
noisy_2396,0.0
noisy_2397,0.0
noisy_2398,0.0
noisy_2399,0.0
noisy_2400,0.0
noisy_2401,0.0
noisy_2402,0.0
noisy_2403,0.0
noisy_2404,0.0
noisy_2405,0.0
noisy_2406,0.0
noisy_2407,0.0
noisy_2408,0.0
noisy_2409,0.0
noisy_2410,0.0
noisy_2411,0.0
noisy_2412,0.0
noisy_2413,0.0
noisy_2414,0.0
noisy_2415,0.0
noisy_2416,0.0
noisy_2417,0.0
noisy_2418,0.0
noisy_2419,0.0
noisy_2420,0.0
noisy_2421,0.0
noisy_2422,0.0
noisy_2423,0.0
noisy_2424,0.0
noisy_2425,0.0
noisy_2426,0.0
noisy_2427,0.0
noisy_2428,0.0
noisy_2429,0.0
noisy_2430,0.0
noisy_2431,0.0
noisy_2432,0.0
noisy_2433,0.0
noisy_2434,0.0
noisy_2435,0.0
noisy_2436,0.0
noisy_2437,0.0
noisy_2438,0.0
noisy_2439,0.0
noisy_2440,0.0
noisy_2441,0.0
noisy_2442,0.0
noisy_2443,0.0
noisy_2444,0.0
noisy_2445,0.0
noisy_2446,0.0
noisy_2447,0.0
noisy_2448,0.0
noisy_2449,0.0
noisy_2450,0.0
noisy_2451,0.6203656385701701
noisy_2452,0.0
noisy_2453,0.0
noisy_2454,0.0
noisy_2455,0.0
noisy_2456,0.0
noisy_2457,0.0
noisy_2458,0.0
noisy_2459,0.0
noisy_2460,0.0
noisy_2461,0.0
noisy_2462,0.0
noisy_2463,0.0
noisy_2464,0.0
noisy_2465,0.0
noisy_2466,0.0
noisy_2467,0.0
noisy_2468,0.0
noisy_2469,0.0
noisy_2470,0.0
noisy_2471,0.0
noisy_2472,0.0
noisy_2473,0.0
noisy_2474,0.0
noisy_2475,0.0
noisy_2476,0.0
noisy_2477,0.0
noisy_2478,0.0
noisy_2479,0.0
noisy_2480,0.0
noisy_2481,0.0
noisy_2482,0.0
noisy_2483,0.0
noisy_2484,0.0
noisy_2485,0.0
noisy_2486,0.0
noisy_2487,0.0
noisy_2488,0.0
noisy_2489,0.0
noisy_2490,0.0
noisy_2491,0.0
noisy_2492,0.0
noisy_2493,0.0
noisy_2494,0.0
noisy_2495,0.0
noisy_2496,0.0
noisy_2497,0.0
noisy_2498,0.0
noisy_2499,0.0
noisy_2500,0.0
noisy_2501,0.0
noisy_2502,0.0
noisy_2503,0.0
noisy_2504,0.0
noisy_2505,0.0
noisy_2506,0.0
noisy_2507,0.0
noisy_2508,0.0
noisy_2509,0.0
noisy_2510,0.0
noisy_2511,0.0
noisy_2512,0.0
noisy_2513,0.0
noisy_2514,0.0
noisy_2515,0.0
noisy_2516,0.0
noisy_2517,0.0
noisy_2518,0.0
noisy_2519,0.0
noisy_2520,0.0
noisy_2521,0.0
noisy_2522,0.0
noisy_2523,0.0
noisy_2524,0.0
noisy_2525,0.0
noisy_2526,0.0
noisy_2527,0.1599917188551319
noisy_2528,0.0
noisy_2529,0.0
noisy_2530,0.0
noisy_2531,0.0
noisy_2532,0.0
noisy_2533,0.0
noisy_2534,0.0
noisy_2535,0.0
noisy_2536,0.0
noisy_2537,0.0
noisy_2538,0.0
noisy_2539,0.0
noisy_2540,0.0
noisy_2541,0.0
noisy_2542,0.0
noisy_2543,0.0
noisy_2544,0.0
noisy_2545,0.0
noisy_2546,0.0
noisy_2547,0.0
noisy_2548,0.0
noisy_2549,0.0
noisy_2550,0.0
noisy_2551,0.0
noisy_2552,0.0
noisy_2553,0.0
noisy_2554,0.0
noisy_2555,0.0
noisy_2556,0.0
noisy_2557,0.0
noisy_2558,0.0
noisy_2559,0.0
noisy_2560,0.0
noisy_2561,0.0
noisy_2562,0.0
noisy_2563,0.0
noisy_2564,0.0
noisy_2565,0.0
noisy_2566,0.0
noisy_2567,0.0
noisy_2568,0.0
noisy_2569,0.0
noisy_2570,0.0
noisy_2571,0.0
noisy_2572,0.0
noisy_2573,0.0
noisy_2574,0.0
noisy_2575,0.0
noisy_2576,0.0
noisy_2577,0.0
noisy_2578,0.0
noisy_2579,0.0
noisy_2580,0.0
noisy_2581,0.0
noisy_2582,0.0
noisy_2583,0.0
noisy_2584,0.0
noisy_2585,0.0
noisy_2586,0.0
noisy_2587,0.0
noisy_2588,0.0
noisy_2589,0.0
noisy_2590,0.0
noisy_2591,0.0
noisy_2592,0.0
noisy_2593,0.0
noisy_2594,0.0
noisy_2595,0.0
noisy_2596,0.0
noisy_2597,0.0
noisy_2598,0.0
noisy_2599,0.8164008288735544
noisy_2600,0.0
noisy_2601,0.0
noisy_2602,0.0
noisy_2603,0.0
noisy_2604,0.0
noisy_2605,0.0
noisy_2606,0.0
noisy_2607,0.0
noisy_2608,0.0
noisy_2609,0.0
noisy_2610,0.0
noisy_2611,0.0
noisy_2612,0.0
noisy_2613,0.0
noisy_2614,0.0
noisy_2615,0.0
noisy_2616,0.0
noisy_2617,0.0
noisy_2618,0.0
noisy_2619,0.0
noisy_2620,0.0
noisy_2621,0.0
noisy_2622,0.0
noisy_2623,0.0
noisy_2624,0.0
noisy_2625,0.0
noisy_2626,0.0
noisy_2627,0.0
noisy_2628,0.0
noisy_2629,0.0
noisy_2630,0.0
noisy_2631,0.0
noisy_2632,0.0
noisy_2633,0.0
noisy_2634,0.0
noisy_2635,0.0
noisy_2636,0.0
noisy_2637,0.0
noisy_2638,0.0
noisy_2639,0.0
noisy_2640,0.0
noisy_2641,0.0
noisy_2642,0.0
noisy_2643,0.0
noisy_2644,0.0
noisy_2645,0.0
noisy_2646,0.0
noisy_2647,0.0
noisy_2648,0.0
noisy_2649,0.0
noisy_2650,0.0
noisy_2651,0.0
noisy_2652,0.0
noisy_2653,0.0
noisy_2654,0.0
noisy_2655,0.0
noisy_2656,0.0
noisy_2657,0.0
noisy_2658,0.0
noisy_2659,0.0
noisy_2660,0.0
noisy_2661,0.0
noisy_2662,0.0
noisy_2663,0.0
noisy_2664,0.0
noisy_2665,0.0
noisy_2666,0.6951225900705463
noisy_2667,0.0
noisy_2668,0.0
noisy_2669,0.0
noisy_2670,0.0
noisy_2671,0.0
noisy_2672,0.0
noisy_2673,0.0
noisy_2674,0.0
noisy_2675,0.0
noisy_2676,0.0
noisy_2677,0.0
noisy_2678,0.0
noisy_2679,0.0
noisy_2680,0.0
noisy_2681,0.0
noisy_2682,0.0
noisy_2683,0.0
noisy_2684,0.0
noisy_2685,0.0
noisy_2686,0.0
noisy_2687,0.0
noisy_2688,0.0
noisy_2689,0.0
noisy_2690,0.0
noisy_2691,0.0
noisy_2692,0.0
noisy_2693,0.0
noisy_2694,0.0
noisy_2695,0.0
noisy_2696,0.0
noisy_2697,0.0
noisy_2698,0.0
noisy_2699,0.0
noisy_2700,0.0
noisy_2701,0.0
noisy_2702,0.0
noisy_2703,0.0
noisy_2704,0.0
noisy_2705,0.0
noisy_2706,0.0
noisy_2707,0.0
noisy_2708,0.0
noisy_2709,0.0
noisy_2710,0.0
noisy_2711,0.0
noisy_2712,0.0
noisy_2713,0.0
noisy_2714,0.0
noisy_2715,0.0
noisy_2716,0.0
noisy_2717,0.0
noisy_2718,0.0
noisy_2719,0.0
noisy_2720,0.0
noisy_2721,0.0
noisy_2722,0.0
noisy_2723,0.0
noisy_2724,0.0
noisy_2725,0.0
noisy_2726,0.0
noisy_2727,0.0
noisy_2728,0.0
noisy_2729,0.0
noisy_2730,0.0
noisy_2731,0.0
noisy_2732,0.0
noisy_2733,0.0
noisy_2734,0.0
noisy_2735,0.0
noisy_2736,0.0
noisy_2737,0.0
noisy_2738,0.0
noisy_2739,0.0
noisy_2740,0.0
noisy_2741,0.0
noisy_2742,0.0
noisy_2743,0.0
noisy_2744,0.0
noisy_2745,0.0
noisy_2746,0.0
noisy_2747,0.0
noisy_2748,0.0
noisy_2749,0.0
noisy_2750,0.0
noisy_2751,0.0
noisy_2752,0.0
noisy_2753,0.0
noisy_2754,0.0
noisy_2755,0.0
noisy_2756,0.0
noisy_2757,0.0
noisy_2758,0.0
noisy_2759,0.0
noisy_2760,0.0
noisy_2761,0.0
noisy_2762,0.0
noisy_2763,0.0
noisy_2764,0.0
noisy_2765,0.0
noisy_2766,0.0
noisy_2767,0.0
noisy_2768,0.0
noisy_2769,0.0
noisy_2770,0.0
noisy_2771,0.0
noisy_2772,0.0
noisy_2773,0.0
noisy_2774,0.0
noisy_2775,0.0
noisy_2776,0.0
noisy_2777,0.0
noisy_2778,0.0
noisy_2779,0.0
noisy_2780,0.0
noisy_2781,0.0
noisy_2782,0.0
noisy_2783,0.0
noisy_2784,0.0
noisy_2785,0.0
noisy_2786,0.0
noisy_2787,0.0
noisy_2788,0.0
noisy_2789,0.0
noisy_2790,0.0
noisy_2791,0.0
noisy_2792,0.0
noisy_2793,0.0
noisy_2794,0.0
noisy_2795,0.0
noisy_2796,0.0
noisy_2797,0.2579895132040469
noisy_2798,0.0
noisy_2799,0.5408713615248864
noisy_2800,0.0
noisy_2801,0.0
noisy_2802,0.0
noisy_2803,0.0
noisy_2804,0.0
noisy_2805,0.0
noisy_2806,0.0
noisy_2807,0.0
noisy_2808,0.0
noisy_2809,0.0
noisy_2810,0.0
noisy_2811,0.704893197185163
noisy_2812,0.0
noisy_2813,0.0
noisy_2814,0.0
noisy_2815,0.0
noisy_2816,0.0
noisy_2817,0.0
noisy_2818,0.0
noisy_2819,0.0
noisy_2820,0.0
noisy_2821,0.0
noisy_2822,0.0
noisy_2823,0.0
noisy_2824,0.0
noisy_2825,0.0
noisy_2826,0.0
noisy_2827,0.0
noisy_2828,0.0
noisy_2829,0.0
noisy_2830,0.0
noisy_2831,0.0
noisy_2832,0.0
noisy_2833,0.0
noisy_2834,0.0
noisy_2835,0.0
noisy_2836,0.0
noisy_2837,0.0
noisy_2838,0.0
noisy_2839,0.0
noisy_2840,0.0
noisy_2841,0.0
noisy_2842,0.0
noisy_2843,0.0
noisy_2844,0.0
noisy_2845,0.0
noisy_2846,0.9484928300279493
noisy_2847,0.0
noisy_2848,0.0
noisy_2849,0.0
noisy_2850,0.0
noisy_2851,0.0
noisy_2852,0.0
noisy_2853,0.0
noisy_2854,0.0
noisy_2855,0.0
noisy_2856,0.0
noisy_2857,0.15433946468189272
noisy_2858,0.0
noisy_2859,0.0
noisy_2860,0.0
noisy_2861,0.0
noisy_2862,0.0
noisy_2863,0.0
noisy_2864,0.0
noisy_2865,0.0
noisy_2866,0.0
noisy_2867,0.0
noisy_2868,0.0
noisy_2869,0.0
noisy_2870,0.0
noisy_2871,0.0
noisy_2872,0.0
noisy_2873,0.0
noisy_2874,0.0
noisy_2875,0.0
noisy_2876,0.0
noisy_2877,0.0
noisy_2878,0.0
noisy_2879,0.0
noisy_2880,0.0
noisy_2881,0.0
noisy_2882,0.0
noisy_2883,0.0
noisy_2884,0.0
noisy_2885,0.0
noisy_2886,0.0
noisy_2887,0.0
noisy_2888,0.0
noisy_2889,0.0
noisy_2890,0.0
noisy_2891,0.0
noisy_2892,0.0
noisy_2893,0.0
noisy_2894,0.0
noisy_2895,0.0
noisy_2896,0.0
noisy_2897,0.0
noisy_2898,0.0
noisy_2899,0.0
noisy_2900,0.0
noisy_2901,0.0
noisy_2902,0.0
noisy_2903,0.0
noisy_2904,0.0
noisy_2905,0.0
noisy_2906,0.0
noisy_2907,0.0
noisy_2908,0.0
noisy_2909,0.0
noisy_2910,0.0
noisy_2911,0.0
noisy_2912,0.0
noisy_2913,0.0
noisy_2914,0.0
noisy_2915,0.0
noisy_2916,0.0
noisy_2917,0.0
noisy_2918,0.0
noisy_2919,0.0
noisy_2920,0.0
noisy_2921,0.0
noisy_2922,0.0
noisy_2923,0.0
noisy_2924,0.0
noisy_2925,0.0
noisy_2926,0.0
noisy_2927,0.0
noisy_2928,0.0
noisy_2929,0.0
noisy_2930,0.0
noisy_2931,0.0
noisy_2932,0.0
noisy_2933,0.0
noisy_2934,0.0
noisy_2935,0.0
noisy_2936,0.0
noisy_2937,0.0
noisy_2938,0.0
noisy_2939,0.0
noisy_2940,0.0
noisy_2941,0.0
noisy_2942,0.0
noisy_2943,0.0
noisy_2944,0.0
noisy_2945,0.0
noisy_2946,0.0
noisy_2947,0.0
noisy_2948,0.0
noisy_2949,0.0
noisy_2950,0.0
noisy_2951,0.0
noisy_2952,0.0
noisy_2953,0.0
noisy_2954,0.0
noisy_2955,0.0
noisy_2956,0.0
noisy_2957,0.0
noisy_2958,0.0
noisy_2959,0.0
noisy_2960,0.0
noisy_2961,0.0
noisy_2962,0.0
noisy_2963,0.0
noisy_2964,0.0
noisy_2965,0.0
noisy_2966,0.0
noisy_2967,0.0
noisy_2968,0.0
noisy_2969,0.3980739719334819
noisy_2970,0.0
noisy_2971,0.0
noisy_2972,0.5077618281224049
noisy_2973,0.0
noisy_2974,0.0
noisy_2975,0.0
noisy_2976,0.0
noisy_2977,0.0
noisy_2978,0.0
noisy_2979,0.0
noisy_2980,0.0
noisy_2981,0.0
noisy_2982,0.0
noisy_2983,0.0
noisy_2984,0.0
noisy_2985,0.0
noisy_2986,0.0
noisy_2987,0.0
noisy_2988,0.0
noisy_2989,0.0
noisy_2990,0.0
noisy_2991,0.0
noisy_2992,0.0
noisy_2993,0.0
noisy_2994,0.0
noisy_2995,0.0
noisy_2996,0.0
noisy_2997,0.10803762527732487
noisy_2998,0.0
noisy_2999,0.0
noisy_3000,0.0
noisy_3001,0.0
noisy_3002,0.0
noisy_3003,0.0
noisy_3004,0.0
noisy_3005,0.0
noisy_3006,0.0
noisy_3007,0.0
noisy_3008,0.0
noisy_3009,0.0
noisy_3010,0.0
noisy_3011,0.0
noisy_3012,0.0
noisy_3013,0.0
noisy_3014,0.0
noisy_3015,0.0
noisy_3016,0.0
noisy_3017,0.0
noisy_3018,0.0
noisy_3019,0.0
noisy_3020,0.0
noisy_3021,0.0
noisy_3022,0.0
noisy_3023,0.0
noisy_3024,0.0
noisy_3025,0.0
noisy_3026,0.0
noisy_3027,0.0
noisy_3028,0.0
noisy_3029,0.0
noisy_3030,0.0
noisy_3031,0.0
noisy_3032,0.0
noisy_3033,0.15722715606609086
noisy_3034,0.0
noisy_3035,0.0
noisy_3036,0.0
noisy_3037,0.0
noisy_3038,0.0
noisy_3039,0.0
noisy_3040,0.0
noisy_3041,0.0
noisy_3042,0.0
noisy_3043,0.0
noisy_3044,0.0
noisy_3045,0.2835601411515352
noisy_3046,0.0
noisy_3047,0.0
noisy_3048,0.0
noisy_3049,0.0
noisy_3050,0.0
noisy_3051,0.0
noisy_3052,0.0
noisy_3053,0.0
noisy_3054,0.0
noisy_3055,0.0
noisy_3056,0.0
noisy_3057,0.0
noisy_3058,0.0
noisy_3059,0.0
noisy_3060,0.0
noisy_3061,0.0
noisy_3062,0.0
noisy_3063,0.0
noisy_3064,0.0
noisy_3065,0.0
noisy_3066,0.0
noisy_3067,0.0
noisy_3068,0.0
noisy_3069,0.0
noisy_3070,0.0
noisy_3071,0.0
noisy_3072,0.0
noisy_3073,0.0
noisy_3074,0.0
noisy_3075,0.0
noisy_3076,0.0
noisy_3077,0.0
noisy_3078,0.0
noisy_3079,0.0
noisy_3080,0.0
noisy_3081,0.0
noisy_3082,0.0
noisy_3083,0.28089782572104466
noisy_3084,0.0
noisy_3085,0.0
noisy_3086,0.0
noisy_3087,0.0
noisy_3088,0.0
noisy_3089,0.0
noisy_3090,0.0
noisy_3091,0.0
noisy_3092,0.0
noisy_3093,0.0
noisy_3094,0.0
noisy_3095,0.0
noisy_3096,0.0
noisy_3097,0.0
noisy_3098,0.0
noisy_3099,0.0
noisy_3100,0.0
noisy_3101,0.0
noisy_3102,0.0
noisy_3103,0.0
noisy_3104,0.0
noisy_3105,0.0
noisy_3106,0.0
noisy_3107,0.0
noisy_3108,0.0
noisy_3109,0.0
noisy_3110,0.0
noisy_3111,0.0
noisy_3112,0.0
noisy_3113,0.0
noisy_3114,0.0
noisy_3115,0.0
noisy_3116,0.0
noisy_3117,0.0
noisy_3118,0.0
noisy_3119,0.0
noisy_3120,0.0
noisy_3121,0.0
noisy_3122,0.0
noisy_3123,0.0
noisy_3124,0.0
noisy_3125,0.0
noisy_3126,0.0
noisy_3127,0.0
noisy_3128,0.0
noisy_3129,0.0
noisy_3130,0.0
noisy_3131,0.0
noisy_3132,0.0
noisy_3133,0.0
noisy_3134,0.0
noisy_3135,0.0
noisy_3136,0.0
noisy_3137,0.0
noisy_3138,0.0
noisy_3139,0.0
noisy_3140,0.0
noisy_3141,0.0
noisy_3142,0.0
noisy_3143,0.0
noisy_3144,0.0
noisy_3145,0.0
noisy_3146,0.0
noisy_3147,0.0
noisy_3148,0.0
noisy_3149,0.0
noisy_3150,0.0
noisy_3151,0.0
noisy_3152,0.0
noisy_3153,0.0
noisy_3154,0.15697079242317105
noisy_3155,0.0
noisy_3156,0.0
noisy_3157,0.0
noisy_3158,0.0
noisy_3159,0.0
noisy_3160,0.0
noisy_3161,0.0
noisy_3162,0.0
noisy_3163,0.0
noisy_3164,0.0
noisy_3165,0.0
noisy_3166,0.0
noisy_3167,0.2843026478509968
noisy_3168,0.0
noisy_3169,0.0
noisy_3170,0.0
noisy_3171,0.0
noisy_3172,0.0
noisy_3173,0.0
noisy_3174,0.0
noisy_3175,0.0
noisy_3176,0.0
noisy_3177,0.0
noisy_3178,0.0
noisy_3179,0.0
noisy_3180,0.0
noisy_3181,0.0
noisy_3182,0.0
noisy_3183,0.0
noisy_3184,0.0
noisy_3185,0.0
noisy_3186,0.0
noisy_3187,0.0
noisy_3188,0.0
noisy_3189,0.0
noisy_3190,0.0
noisy_3191,0.0
noisy_3192,0.0
noisy_3193,0.0
noisy_3194,0.0
noisy_3195,0.0
noisy_3196,0.0
noisy_3197,0.0
noisy_3198,0.0
noisy_3199,0.0
noisy_3200,0.0
noisy_3201,0.0
noisy_3202,0.0
noisy_3203,0.0
noisy_3204,0.0
noisy_3205,0.0
noisy_3206,0.0
noisy_3207,0.0
noisy_3208,0.0
noisy_3209,0.0
noisy_3210,0.0
noisy_3211,0.0
noisy_3212,0.0
noisy_3213,0.0
noisy_3214,0.0
noisy_3215,0.0
noisy_3216,0.0
noisy_3217,0.0
noisy_3218,0.0
noisy_3219,0.0
noisy_3220,0.0
noisy_3221,0.0
noisy_3222,0.0
noisy_3223,0.0
noisy_3224,0.0
noisy_3225,0.0
noisy_3226,0.0
noisy_3227,0.0
noisy_3228,0.0
noisy_3229,0.15651363801045495
noisy_3230,0.0
noisy_3231,0.0
noisy_3232,0.0
noisy_3233,0.0
noisy_3234,0.0
noisy_3235,0.0
noisy_3236,0.0
noisy_3237,0.0
noisy_3238,0.0
noisy_3239,0.0
noisy_3240,0.0
noisy_3241,0.0
noisy_3242,0.0
noisy_3243,0.0
noisy_3244,0.0
noisy_3245,0.0
noisy_3246,0.0
noisy_3247,0.0
noisy_3248,0.0
noisy_3249,0.0
noisy_3250,0.0
noisy_3251,0.0
noisy_3252,0.0
noisy_3253,0.0
noisy_3254,0.0
noisy_3255,0.0
noisy_3256,0.0
noisy_3257,0.0
noisy_3258,0.0
noisy_3259,0.0
noisy_3260,0.0
noisy_3261,0.0
noisy_3262,0.0
noisy_3263,0.0
noisy_3264,0.0
noisy_3265,0.0
noisy_3266,0.0
noisy_3267,0.0
noisy_3268,0.0
noisy_3269,0.0
noisy_3270,0.0
noisy_3271,0.0
noisy_3272,0.0
noisy_3273,0.0
noisy_3274,0.0
noisy_3275,0.0
noisy_3276,0.0
noisy_3277,0.0
noisy_3278,0.0
noisy_3279,0.0
noisy_3280,0.0
noisy_3281,0.0
noisy_3282,0.0
noisy_3283,0.0
noisy_3284,0.0
noisy_3285,0.0
noisy_3286,0.0
noisy_3287,0.0
noisy_3288,0.0
noisy_3289,0.0
noisy_3290,0.0
noisy_3291,0.0
noisy_3292,0.0
noisy_3293,0.0
noisy_3294,0.0
noisy_3295,0.0
noisy_3296,0.0
noisy_3297,0.0
noisy_3298,0.0
noisy_3299,0.0
noisy_3300,0.0
noisy_3301,0.0
noisy_3302,0.0
noisy_3303,0.0
noisy_3304,0.0
noisy_3305,0.0
noisy_3306,0.0
noisy_3307,0.0
noisy_3308,0.0
noisy_3309,0.0
noisy_3310,0.0
noisy_3311,0.0
noisy_3312,0.0
noisy_3313,0.0
noisy_3314,0.0
noisy_3315,0.0
noisy_3316,0.0
noisy_3317,0.0
noisy_3318,0.0
noisy_3319,0.0
noisy_3320,0.0
noisy_3321,0.0
noisy_3322,0.0
noisy_3323,0.0
noisy_3324,0.0
noisy_3325,0.0
noisy_3326,0.0
noisy_3327,0.0
noisy_3328,0.0
noisy_3329,0.0
noisy_3330,0.0
noisy_3331,0.0
noisy_3332,0.0
noisy_3333,0.0
noisy_3334,0.0
noisy_3335,0.0
noisy_3336,0.0
noisy_3337,0.0
noisy_3338,0.0
noisy_3339,0.0
noisy_3340,0.0
noisy_3341,0.0
noisy_3342,0.0
noisy_3343,0.0
noisy_3344,0.0
noisy_3345,0.0
noisy_3346,0.0
noisy_3347,0.0
noisy_3348,0.0
noisy_3349,0.0
noisy_3350,0.0
noisy_3351,0.0
noisy_3352,0.0
noisy_3353,0.0
noisy_3354,0.0
noisy_3355,0.0
noisy_3356,0.0
noisy_3357,0.0
noisy_3358,0.0
noisy_3359,0.0
noisy_3360,0.0
noisy_3361,0.0
noisy_3362,0.0
noisy_3363,0.0
noisy_3364,0.0
noisy_3365,0.0
noisy_3366,0.0
noisy_3367,0.0
noisy_3368,0.0
noisy_3369,0.0
noisy_3370,0.0
noisy_3371,0.0
noisy_3372,0.0
noisy_3373,0.0
noisy_3374,0.0
noisy_3375,0.0
noisy_3376,0.0
noisy_3377,0.0
noisy_3378,0.0
noisy_3379,0.0
noisy_3380,0.0
noisy_3381,0.0
noisy_3382,0.0
noisy_3383,0.0
noisy_3384,0.0
noisy_3385,0.0
noisy_3386,0.0
noisy_3387,0.0
noisy_3388,0.0
noisy_3389,0.0
noisy_3390,0.0
noisy_3391,0.0
noisy_3392,0.0
noisy_3393,0.0
noisy_3394,0.0
noisy_3395,0.0
noisy_3396,0.0
noisy_3397,0.25233309312704805
noisy_3398,0.0
noisy_3399,0.0
noisy_3400,0.0
noisy_3401,0.0
noisy_3402,0.0
noisy_3403,0.0
noisy_3404,0.6136046035637156
noisy_3405,0.9286873826947034
noisy_3406,0.0
noisy_3407,0.0
noisy_3408,0.0
noisy_3409,0.0
noisy_3410,0.0
noisy_3411,0.0
noisy_3412,0.0
noisy_3413,0.0
noisy_3414,0.0
noisy_3415,0.0
noisy_3416,0.0
noisy_3417,0.0
noisy_3418,0.0
noisy_3419,0.0
noisy_3420,0.0
noisy_3421,0.0
noisy_3422,0.0
noisy_3423,0.0
noisy_3424,0.0
noisy_3425,0.0
noisy_3426,0.0
noisy_3427,0.0
noisy_3428,0.0
noisy_3429,0.0
noisy_3430,0.2869986688847001
noisy_3431,0.0
noisy_3432,0.0
noisy_3433,0.0
noisy_3434,0.0
noisy_3435,0.0
noisy_3436,0.0
noisy_3437,0.0
noisy_3438,0.0
noisy_3439,0.0
noisy_3440,0.0
noisy_3441,0.0
noisy_3442,0.0
noisy_3443,0.2839937201475119
noisy_3444,0.0
noisy_3445,0.0
noisy_3446,0.0
noisy_3447,0.0
noisy_3448,0.0
noisy_3449,0.0
noisy_3450,0.0
noisy_3451,0.0
noisy_3452,0.0
noisy_3453,0.0
noisy_3454,0.0
noisy_3455,0.0
noisy_3456,0.706978235154448
noisy_3457,0.0
noisy_3458,0.0
noisy_3459,0.0
noisy_3460,0.0
noisy_3461,0.0
noisy_3462,0.0
noisy_3463,0.0
noisy_3464,0.0
noisy_3465,0.0
noisy_3466,0.0
noisy_3467,0.0
noisy_3468,0.0
noisy_3469,0.0
noisy_3470,0.0
noisy_3471,0.0
noisy_3472,0.0
noisy_3473,0.0
noisy_3474,0.0
noisy_3475,0.0
noisy_3476,0.0
noisy_3477,0.1571576624141511
noisy_3478,0.0
noisy_3479,0.0
noisy_3480,0.0
noisy_3481,0.0
noisy_3482,0.0
noisy_3483,0.0
noisy_3484,0.0
noisy_3485,0.0
noisy_3486,0.0
noisy_3487,0.0
noisy_3488,0.0
noisy_3489,0.0
noisy_3490,0.0
noisy_3491,0.0
noisy_3492,0.3609438844492447
noisy_3493,0.0
noisy_3494,0.0
noisy_3495,0.0
noisy_3496,0.0
noisy_3497,0.0
noisy_3498,0.0
noisy_3499,0.0
noisy_3500,0.0
noisy_3501,0.0
noisy_3502,0.0
noisy_3503,0.0
noisy_3504,0.0
noisy_3505,0.0
noisy_3506,0.0
noisy_3507,0.0
noisy_3508,0.0
noisy_3509,0.0
noisy_3510,0.0
noisy_3511,0.0
noisy_3512,0.0
noisy_3513,0.0
noisy_3514,0.0
noisy_3515,0.0
noisy_3516,0.0
noisy_3517,0.0
noisy_3518,0.0
noisy_3519,0.0
noisy_3520,0.0
noisy_3521,0.0
noisy_3522,0.0
noisy_3523,0.0
noisy_3524,0.0
noisy_3525,0.0
noisy_3526,0.0
noisy_3527,0.0
noisy_3528,0.0
noisy_3529,0.0
noisy_3530,0.0
noisy_3531,0.0
noisy_3532,0.0
noisy_3533,0.0
noisy_3534,0.0
noisy_3535,0.0
noisy_3536,0.0
noisy_3537,0.0
noisy_3538,0.0
noisy_3539,0.0
noisy_3540,0.0
noisy_3541,0.0
noisy_3542,0.0
noisy_3543,0.0
noisy_3544,0.0
noisy_3545,0.0
noisy_3546,0.0
noisy_3547,0.0
noisy_3548,0.0
noisy_3549,0.0
noisy_3550,0.0
noisy_3551,0.0
noisy_3552,0.5809477759230697
noisy_3553,0.0
noisy_3554,0.0
noisy_3555,0.0
noisy_3556,0.0
noisy_3557,0.0
noisy_3558,0.0
noisy_3559,0.0
noisy_3560,0.0
noisy_3561,0.0
noisy_3562,0.0
noisy_3563,0.0
noisy_3564,0.0
noisy_3565,0.0
noisy_3566,0.0
noisy_3567,0.0
noisy_3568,0.0
noisy_3569,0.0
noisy_3570,0.0
noisy_3571,0.0
noisy_3572,0.0
noisy_3573,0.0
noisy_3574,0.0
noisy_3575,0.0
noisy_3576,0.0
noisy_3577,0.0
noisy_3578,0.0
noisy_3579,0.0
noisy_3580,0.0
noisy_3581,0.0
noisy_3582,0.0
noisy_3583,0.0
noisy_3584,0.0
noisy_3585,0.0
noisy_3586,0.0
noisy_3587,0.0
noisy_3588,0.0
noisy_3589,0.0
noisy_3590,0.0
noisy_3591,0.0
noisy_3592,0.0
noisy_3593,0.0
noisy_3594,0.0
noisy_3595,0.0
noisy_3596,0.0
noisy_3597,0.0
noisy_3598,0.0
noisy_3599,0.0
noisy_3600,0.0
noisy_3601,0.15252370627387044
noisy_3602,0.0
noisy_3603,0.0
noisy_3604,0.0
noisy_3605,0.0
noisy_3606,0.0
noisy_3607,0.0
noisy_3608,0.0
noisy_3609,0.0
noisy_3610,0.0
noisy_3611,0.0
noisy_3612,0.0
noisy_3613,0.0
noisy_3614,0.0
noisy_3615,0.7096107660260659
noisy_3616,0.0
noisy_3617,0.0
noisy_3618,0.0
noisy_3619,0.0
noisy_3620,0.0
noisy_3621,0.0
noisy_3622,0.0
noisy_3623,0.0
noisy_3624,0.0
noisy_3625,0.0
noisy_3626,0.0
noisy_3627,0.0
noisy_3628,0.0
noisy_3629,0.0
noisy_3630,0.0
noisy_3631,0.0
noisy_3632,0.0
noisy_3633,0.0
noisy_3634,0.0
noisy_3635,0.0
noisy_3636,0.0
noisy_3637,0.0
noisy_3638,0.0
noisy_3639,0.0
noisy_3640,0.0
noisy_3641,0.0
noisy_3642,0.0
noisy_3643,0.0
noisy_3644,0.0
noisy_3645,0.0
noisy_3646,0.0
noisy_3647,0.0
noisy_3648,0.0
noisy_3649,0.0
noisy_3650,0.0
noisy_3651,0.0
noisy_3652,0.0
noisy_3653,0.0
noisy_3654,0.0
noisy_3655,0.0
noisy_3656,0.0
noisy_3657,0.0
noisy_3658,0.0
noisy_3659,0.0
noisy_3660,0.0
noisy_3661,0.0
noisy_3662,0.0
noisy_3663,0.0
noisy_3664,0.0
noisy_3665,0.0
noisy_3666,0.0
noisy_3667,0.0
noisy_3668,0.0
noisy_3669,0.0
noisy_3670,0.0
noisy_3671,0.0
noisy_3672,0.0
noisy_3673,0.0
noisy_3674,0.0
noisy_3675,0.0
noisy_3676,0.0
noisy_3677,0.0
noisy_3678,0.0
noisy_3679,0.0
noisy_3680,0.0
noisy_3681,0.0
noisy_3682,0.0
noisy_3683,0.0
noisy_3684,0.0
noisy_3685,0.0
noisy_3686,0.0
noisy_3687,0.0
noisy_3688,0.0
noisy_3689,0.0
noisy_3690,0.0
noisy_3691,0.0
noisy_3692,0.0
noisy_3693,0.0
noisy_3694,0.0
noisy_3695,0.0
noisy_3696,0.0
noisy_3697,0.0
noisy_3698,0.0
noisy_3699,0.0
noisy_3700,0.0
noisy_3701,0.0
noisy_3702,0.0
noisy_3703,0.0
noisy_3704,0.0
noisy_3705,0.0
noisy_3706,0.0
noisy_3707,0.0
noisy_3708,0.0
noisy_3709,0.0
noisy_3710,0.0
noisy_3711,0.0
noisy_3712,0.0
noisy_3713,0.0
noisy_3714,0.0
noisy_3715,0.0
noisy_3716,0.0
noisy_3717,0.0
noisy_3718,0.0
noisy_3719,0.0
noisy_3720,0.0
noisy_3721,0.0
noisy_3722,0.0
noisy_3723,0.0
noisy_3724,0.0
noisy_3725,0.0
noisy_3726,0.0
noisy_3727,0.0
noisy_3728,0.0
noisy_3729,0.0
noisy_3730,0.0
noisy_3731,0.0
noisy_3732,0.0
noisy_3733,0.0
noisy_3734,0.0
noisy_3735,0.0
noisy_3736,0.0
noisy_3737,0.0
noisy_3738,0.0
noisy_3739,0.0
noisy_3740,0.0
noisy_3741,0.0
noisy_3742,0.0
noisy_3743,0.0
noisy_3744,0.0
noisy_3745,0.0
noisy_3746,0.0
noisy_3747,0.0
noisy_3748,0.0
noisy_3749,0.0
noisy_3750,0.0
noisy_3751,0.0
noisy_3752,0.0
noisy_3753,0.0
noisy_3754,0.0
noisy_3755,0.0
noisy_3756,0.0
noisy_3757,0.0
noisy_3758,0.0
noisy_3759,0.0
noisy_3760,0.0
noisy_3761,0.0
noisy_3762,0.0
noisy_3763,0.0
noisy_3764,0.0
noisy_3765,0.382257643993102
noisy_3766,0.0
noisy_3767,0.0
noisy_3768,0.0
noisy_3769,0.0
noisy_3770,0.0
noisy_3771,0.0
noisy_3772,0.0
noisy_3773,0.0
noisy_3774,0.0
noisy_3775,0.0
noisy_3776,0.0
noisy_3777,0.0
noisy_3778,0.0
noisy_3779,0.0
noisy_3780,0.0
noisy_3781,0.0
noisy_3782,0.0
noisy_3783,0.0
noisy_3784,0.0
noisy_3785,0.0
noisy_3786,0.0
noisy_3787,0.0
noisy_3788,0.0
noisy_3789,0.0
noisy_3790,0.0
noisy_3791,0.0
noisy_3792,0.0
noisy_3793,0.0
noisy_3794,0.0
noisy_3795,0.0
noisy_3796,0.0
noisy_3797,0.0
noisy_3798,0.0
noisy_3799,0.0
noisy_3800,0.0
noisy_3801,0.0
noisy_3802,0.0
noisy_3803,0.0
noisy_3804,0.0
noisy_3805,0.0
noisy_3806,0.0
noisy_3807,0.0
noisy_3808,0.0
noisy_3809,0.0
noisy_3810,0.0
noisy_3811,0.0
noisy_3812,0.0
noisy_3813,0.0
noisy_3814,0.0
noisy_3815,0.0
noisy_3816,0.0
noisy_3817,0.0
noisy_3818,0.0
noisy_3819,0.0
noisy_3820,0.0
noisy_3821,0.0
noisy_3822,0.0
noisy_3823,0.0
noisy_3824,0.0
noisy_3825,0.0
noisy_3826,0.0
noisy_3827,0.0
noisy_3828,0.0
noisy_3829,0.0
noisy_3830,0.0
noisy_3831,0.0
noisy_3832,0.0
noisy_3833,0.0
noisy_3834,0.0
noisy_3835,0.0
noisy_3836,0.0
noisy_3837,0.0
noisy_3838,0.0
noisy_3839,0.0
noisy_3840,0.0
noisy_3841,0.0
noisy_3842,0.0
noisy_3843,0.0
noisy_3844,0.0
noisy_3845,0.0
noisy_3846,0.0
noisy_3847,0.0
noisy_3848,0.0
noisy_3849,0.0
noisy_3850,0.0
noisy_3851,0.0
noisy_3852,0.0
noisy_3853,0.0
noisy_3854,0.0
noisy_3855,0.0
noisy_3856,0.0
noisy_3857,0.0
noisy_3858,0.0
noisy_3859,0.0
noisy_3860,0.0
noisy_3861,0.0
noisy_3862,0.0
noisy_3863,0.0
noisy_3864,0.0
noisy_3865,0.0
noisy_3866,0.0
noisy_3867,0.0
noisy_3868,0.0
noisy_3869,0.0
noisy_3870,0.0
noisy_3871,0.0
noisy_3872,0.0
noisy_3873,0.0
noisy_3874,0.0
noisy_3875,0.0
noisy_3876,0.0
noisy_3877,0.0
noisy_3878,0.0
noisy_3879,0.0
noisy_3880,0.0
noisy_3881,0.0
noisy_3882,0.0
noisy_3883,0.0
noisy_3884,0.0
noisy_3885,0.0
noisy_3886,0.0
noisy_3887,0.0
noisy_3888,0.0
noisy_3889,0.0
noisy_3890,0.0
noisy_3891,0.0
noisy_3892,0.0
noisy_3893,0.0
noisy_3894,0.0
noisy_3895,0.0
noisy_3896,0.0
noisy_3897,0.7850897796857241
noisy_3898,0.0
noisy_3899,0.0
noisy_3900,0.0
noisy_3901,0.0
noisy_3902,0.0
noisy_3903,0.0
noisy_3904,0.0
noisy_3905,0.0
noisy_3906,0.0
noisy_3907,0.0
noisy_3908,0.0
noisy_3909,0.0
noisy_3910,0.0
noisy_3911,0.0
noisy_3912,0.0
noisy_3913,0.0
noisy_3914,0.0
noisy_3915,0.0
noisy_3916,0.0
noisy_3917,0.0
noisy_3918,0.0
noisy_3919,0.0
noisy_3920,0.0
noisy_3921,0.0
noisy_3922,0.0
noisy_3923,0.0
noisy_3924,0.0
noisy_3925,0.0
noisy_3926,0.0
noisy_3927,0.0
noisy_3928,0.0
noisy_3929,0.0
noisy_3930,0.0
noisy_3931,0.0
noisy_3932,0.0
noisy_3933,0.0
noisy_3934,0.0
noisy_3935,0.0
noisy_3936,0.0
noisy_3937,0.0
noisy_3938,0.0
noisy_3939,0.0
noisy_3940,0.0
noisy_3941,0.0
noisy_3942,0.0
noisy_3943,0.0
noisy_3944,0.0
noisy_3945,0.0
noisy_3946,0.0
noisy_3947,0.0
noisy_3948,0.0
noisy_3949,0.0
noisy_3950,0.0
noisy_3951,0.0
noisy_3952,0.0
noisy_3953,0.0
noisy_3954,0.0
noisy_3955,0.0
noisy_3956,0.0
noisy_3957,0.0
noisy_3958,0.0
noisy_3959,0.0
noisy_3960,0.0
noisy_3961,0.0
noisy_3962,0.0
noisy_3963,0.0
noisy_3964,0.0
noisy_3965,0.0
noisy_3966,0.0
noisy_3967,0.0
noisy_3968,0.0
noisy_3969,0.0
noisy_3970,0.0
noisy_3971,0.0
noisy_3972,0.0
noisy_3973,0.0
noisy_3974,0.0
noisy_3975,0.0
noisy_3976,0.0
noisy_3977,0.0
noisy_3978,0.0
noisy_3979,0.28162175572215187
noisy_3980,0.0
noisy_3981,0.0
noisy_3982,0.0
noisy_3983,0.0
noisy_3984,0.0
noisy_3985,0.0
noisy_3986,0.0
noisy_3987,0.0
noisy_3988,0.0
noisy_3989,0.0
noisy_3990,0.0
noisy_3991,0.0
noisy_3992,0.0
noisy_3993,0.0
noisy_3994,0.0
noisy_3995,0.0
noisy_3996,0.0
noisy_3997,0.0
noisy_3998,0.0
noisy_3999,0.0
noisy_4000,0.0
noisy_4001,0.0
noisy_4002,0.0
noisy_4003,0.0
noisy_4004,0.0
noisy_4005,0.0
noisy_4006,0.0
noisy_4007,0.0
noisy_4008,0.0
noisy_4009,0.0
noisy_4010,0.0
noisy_4011,0.0
noisy_4012,0.0
noisy_4013,0.0
noisy_4014,0.0
noisy_4015,0.0
noisy_4016,0.0
noisy_4017,0.0
noisy_4018,0.0
noisy_4019,0.0
noisy_4020,0.0
noisy_4021,0.0
noisy_4022,0.0
noisy_4023,0.0
noisy_4024,0.0
noisy_4025,0.0
noisy_4026,0.0
noisy_4027,0.0
noisy_4028,0.0
noisy_4029,0.0
noisy_4030,0.0
noisy_4031,0.0
noisy_4032,0.0
noisy_4033,0.0
noisy_4034,0.0
noisy_4035,0.0
noisy_4036,0.0
noisy_4037,0.0
noisy_4038,0.0
noisy_4039,0.0
noisy_4040,0.0
noisy_4041,0.0
noisy_4042,0.0
noisy_4043,0.0
noisy_4044,0.0
noisy_4045,0.0
noisy_4046,0.0
noisy_4047,0.0
noisy_4048,0.0
noisy_4049,0.0
noisy_4050,0.0
noisy_4051,0.0
noisy_4052,0.0
noisy_4053,0.0
noisy_4054,0.0
noisy_4055,0.0
noisy_4056,0.0
noisy_4057,0.0
noisy_4058,0.0
noisy_4059,0.0
noisy_4060,0.0
noisy_4061,0.0
noisy_4062,0.0
noisy_4063,0.0
noisy_4064,0.0
noisy_4065,0.0
noisy_4066,0.12227627969566796
noisy_4067,0.0
noisy_4068,0.0
noisy_4069,0.0
noisy_4070,0.0
noisy_4071,0.0
noisy_4072,0.0
noisy_4073,0.0
noisy_4074,0.0
noisy_4075,0.0
noisy_4076,0.0
noisy_4077,0.0
noisy_4078,0.0
noisy_4079,0.0
noisy_4080,0.0
noisy_4081,0.0
noisy_4082,0.0
noisy_4083,0.0
noisy_4084,0.0
noisy_4085,0.0
noisy_4086,0.0
noisy_4087,0.0
noisy_4088,0.0
noisy_4089,0.0
noisy_4090,0.0
noisy_4091,0.0
noisy_4092,0.0
noisy_4093,0.0
noisy_4094,0.0
noisy_4095,0.0
noisy_4096,0.0
noisy_4097,0.0
noisy_4098,0.0
noisy_4099,0.0
noisy_4100,0.0
noisy_4101,0.0
noisy_4102,0.0
noisy_4103,0.0
noisy_4104,0.12149371150561569
noisy_4105,0.0
noisy_4106,0.0
noisy_4107,0.0
noisy_4108,0.0
noisy_4109,0.0
noisy_4110,0.0
noisy_4111,0.0
noisy_4112,0.0
noisy_4113,0.0
noisy_4114,0.0
noisy_4115,0.0
noisy_4116,0.0
noisy_4117,0.0
noisy_4118,0.0
noisy_4119,0.0
noisy_4120,0.0
noisy_4121,0.0
noisy_4122,0.0
noisy_4123,0.0
noisy_4124,0.0
noisy_4125,0.0
noisy_4126,0.0
noisy_4127,0.0
noisy_4128,0.0
noisy_4129,0.0
noisy_4130,0.0
noisy_4131,0.0
noisy_4132,0.0
noisy_4133,0.0
noisy_4134,0.0
noisy_4135,0.5139292079505243
noisy_4136,0.0
noisy_4137,0.0
noisy_4138,0.0
noisy_4139,0.0
noisy_4140,0.0
noisy_4141,0.0
noisy_4142,0.0
noisy_4143,0.0
noisy_4144,0.0
noisy_4145,0.0
noisy_4146,0.0
noisy_4147,0.0
noisy_4148,0.0
noisy_4149,0.0
noisy_4150,0.0
noisy_4151,0.0
noisy_4152,0.0
noisy_4153,0.0
noisy_4154,0.0
noisy_4155,0.0
noisy_4156,0.0
noisy_4157,0.0
noisy_4158,0.0
noisy_4159,0.0
noisy_4160,0.0
noisy_4161,0.0
noisy_4162,0.0
noisy_4163,0.0
noisy_4164,0.0
noisy_4165,0.0
noisy_4166,0.0
noisy_4167,0.0
noisy_4168,0.1422547806334989
noisy_4169,0.0
noisy_4170,0.0
noisy_4171,0.0
noisy_4172,0.0
noisy_4173,0.4821502339353111
noisy_4174,0.0
noisy_4175,0.0
noisy_4176,0.0
noisy_4177,0.0
noisy_4178,0.0
noisy_4179,0.15402021361822446
noisy_4180,0.0
noisy_4181,0.0
noisy_4182,0.0
noisy_4183,0.0
noisy_4184,0.0
noisy_4185,0.1575548701960988
noisy_4186,0.0
noisy_4187,0.0
noisy_4188,0.0
noisy_4189,0.0
noisy_4190,0.0
noisy_4191,0.0
noisy_4192,0.0
noisy_4193,0.0
noisy_4194,0.0
noisy_4195,0.0
noisy_4196,0.0
noisy_4197,0.41700320937138163
noisy_4198,0.0
noisy_4199,0.0
noisy_4200,0.0
noisy_4201,0.0
noisy_4202,0.0
noisy_4203,0.0
noisy_4204,0.0
noisy_4205,0.0
noisy_4206,0.0
noisy_4207,0.0
noisy_4208,0.0
noisy_4209,0.0
noisy_4210,0.0
noisy_4211,0.0
noisy_4212,0.0
noisy_4213,0.0
noisy_4214,0.0
noisy_4215,0.0
noisy_4216,0.0
noisy_4217,0.0
noisy_4218,0.0
noisy_4219,0.0
noisy_4220,0.0
noisy_4221,0.0
noisy_4222,0.0
noisy_4223,0.29023265562439254
noisy_4224,0.0
noisy_4225,0.0
noisy_4226,0.0
noisy_4227,0.0
noisy_4228,0.0
noisy_4229,0.0
noisy_4230,0.0
noisy_4231,0.0
noisy_4232,0.0
noisy_4233,0.0
noisy_4234,0.0
noisy_4235,0.0
noisy_4236,0.0
noisy_4237,0.0
noisy_4238,0.0
noisy_4239,0.0
noisy_4240,0.0
noisy_4241,0.0
noisy_4242,0.0
noisy_4243,0.0
noisy_4244,0.0
noisy_4245,0.0
noisy_4246,0.0
noisy_4247,0.0
noisy_4248,0.0
noisy_4249,0.0
noisy_4250,0.0
noisy_4251,0.0
noisy_4252,0.0
noisy_4253,0.0
noisy_4254,0.0
noisy_4255,0.0
noisy_4256,0.0
noisy_4257,0.0
noisy_4258,0.0
noisy_4259,0.0
noisy_4260,0.0
noisy_4261,0.0
noisy_4262,0.0
noisy_4263,0.0
noisy_4264,0.0
noisy_4265,0.0
noisy_4266,0.0
noisy_4267,0.0
noisy_4268,0.0
noisy_4269,0.0
noisy_4270,0.0
noisy_4271,0.0
noisy_4272,0.0
noisy_4273,0.0
noisy_4274,0.15645653095675097
noisy_4275,0.0
noisy_4276,0.0
noisy_4277,0.0
noisy_4278,0.0
noisy_4279,0.0
noisy_4280,0.0
noisy_4281,0.0
noisy_4282,0.0
noisy_4283,0.0
noisy_4284,0.0
noisy_4285,0.0
noisy_4286,0.0
noisy_4287,0.0
noisy_4288,0.0
noisy_4289,0.0
noisy_4290,0.0
noisy_4291,0.0
noisy_4292,0.0
noisy_4293,0.0
noisy_4294,0.0
noisy_4295,0.0
noisy_4296,0.0
noisy_4297,0.0
noisy_4298,0.0
noisy_4299,0.0
noisy_4300,0.0
noisy_4301,0.0
noisy_4302,0.0
noisy_4303,0.0
noisy_4304,0.0
noisy_4305,0.0
noisy_4306,0.0
noisy_4307,0.0
noisy_4308,0.0
noisy_4309,0.0
noisy_4310,0.0
noisy_4311,0.0
noisy_4312,0.0
noisy_4313,0.0
noisy_4314,0.0
noisy_4315,0.0
noisy_4316,0.0
noisy_4317,0.0
noisy_4318,0.0
noisy_4319,0.0
noisy_4320,0.0
noisy_4321,0.0
noisy_4322,0.0
noisy_4323,0.0
noisy_4324,0.0
noisy_4325,0.0
noisy_4326,0.0
noisy_4327,0.0
noisy_4328,0.0
noisy_4329,0.0
noisy_4330,0.0
noisy_4331,0.0
noisy_4332,0.0
noisy_4333,0.0
noisy_4334,0.0
noisy_4335,0.0
noisy_4336,0.0
noisy_4337,0.0
noisy_4338,0.0
noisy_4339,0.0
noisy_4340,0.0
noisy_4341,0.0
noisy_4342,0.0
noisy_4343,0.0
noisy_4344,0.0
noisy_4345,0.0
noisy_4346,0.0
noisy_4347,0.0
noisy_4348,0.0
noisy_4349,0.0
noisy_4350,0.0
noisy_4351,0.0
noisy_4352,0.0
noisy_4353,0.0
noisy_4354,0.0
noisy_4355,0.0
noisy_4356,0.0
noisy_4357,0.0
noisy_4358,0.0
noisy_4359,0.0
noisy_4360,0.0
noisy_4361,0.0
noisy_4362,0.0
noisy_4363,0.0
noisy_4364,0.0
noisy_4365,0.0
noisy_4366,0.0
noisy_4367,0.0
noisy_4368,0.0
noisy_4369,0.0
noisy_4370,0.0
noisy_4371,0.0
noisy_4372,0.0
noisy_4373,0.0
noisy_4374,0.0
noisy_4375,0.0
noisy_4376,0.0
noisy_4377,0.0
noisy_4378,0.0
noisy_4379,0.0
noisy_4380,0.0
noisy_4381,0.0
noisy_4382,0.0
noisy_4383,0.0
noisy_4384,0.0
noisy_4385,0.0
noisy_4386,0.0
noisy_4387,0.0
noisy_4388,0.0
noisy_4389,0.0
noisy_4390,0.0
noisy_4391,0.0
noisy_4392,0.0
noisy_4393,0.0
noisy_4394,0.0
noisy_4395,0.0
noisy_4396,0.0
noisy_4397,0.0
noisy_4398,0.0
noisy_4399,0.0
noisy_4400,0.0
noisy_4401,0.4448106022612295
noisy_4402,0.0
noisy_4403,0.0
noisy_4404,0.0
noisy_4405,0.0
noisy_4406,0.0
noisy_4407,0.0
noisy_4408,0.0
noisy_4409,0.0
noisy_4410,0.0
noisy_4411,0.0
noisy_4412,0.0
noisy_4413,0.0
noisy_4414,0.0
noisy_4415,0.0
noisy_4416,0.0
noisy_4417,0.0
noisy_4418,0.0
noisy_4419,0.0
noisy_4420,0.0
noisy_4421,0.0
noisy_4422,0.0
noisy_4423,0.15371167953645723
noisy_4424,0.0
noisy_4425,0.0
noisy_4426,0.0
noisy_4427,0.0
noisy_4428,0.0
noisy_4429,0.0
noisy_4430,0.0
noisy_4431,0.0
noisy_4432,0.0
noisy_4433,0.0
noisy_4434,0.0
noisy_4435,0.0
noisy_4436,0.0
noisy_4437,0.0
noisy_4438,0.0
noisy_4439,0.0
noisy_4440,0.0
noisy_4441,0.0
noisy_4442,0.0
noisy_4443,0.0
noisy_4444,0.0
noisy_4445,0.0
noisy_4446,0.0
noisy_4447,0.0
noisy_4448,0.0
noisy_4449,0.0
noisy_4450,0.0
noisy_4451,0.0
noisy_4452,0.0
noisy_4453,0.0
noisy_4454,0.0
noisy_4455,0.0
noisy_4456,0.0
noisy_4457,0.0
noisy_4458,0.0
noisy_4459,0.0
noisy_4460,0.0
noisy_4461,0.0
noisy_4462,0.0
noisy_4463,0.0
noisy_4464,0.0
noisy_4465,0.0
noisy_4466,0.0
noisy_4467,0.0
noisy_4468,0.0
noisy_4469,0.0
noisy_4470,0.0
noisy_4471,0.0
noisy_4472,0.0
noisy_4473,0.0
noisy_4474,0.7833105586540586
noisy_4475,0.0
noisy_4476,0.0
noisy_4477,0.0
noisy_4478,0.0
noisy_4479,0.0
noisy_4480,0.0
noisy_4481,0.0
noisy_4482,0.0
noisy_4483,0.0
noisy_4484,0.0
noisy_4485,0.0
noisy_4486,0.0
noisy_4487,0.0
noisy_4488,0.0
noisy_4489,0.0
noisy_4490,0.0
noisy_4491,0.0
noisy_4492,0.0
noisy_4493,0.0
noisy_4494,0.0
noisy_4495,0.0
noisy_4496,0.0
noisy_4497,0.0
noisy_4498,0.0
noisy_4499,0.0
noisy_4500,0.0
noisy_4501,0.0
noisy_4502,0.0
noisy_4503,0.0
noisy_4504,0.0
noisy_4505,0.0
noisy_4506,0.0
noisy_4507,0.0
noisy_4508,0.0
noisy_4509,0.0
noisy_4510,0.0
noisy_4511,0.0
noisy_4512,0.0
noisy_4513,0.0
noisy_4514,0.0
noisy_4515,0.0
noisy_4516,0.0
noisy_4517,0.0
noisy_4518,0.0
noisy_4519,0.0
noisy_4520,0.0
noisy_4521,0.0
noisy_4522,0.0
noisy_4523,0.0
noisy_4524,0.0
noisy_4525,0.0
noisy_4526,0.0
noisy_4527,0.0
noisy_4528,0.0
noisy_4529,0.0
noisy_4530,0.0
noisy_4531,0.0
noisy_4532,0.0
noisy_4533,0.0
noisy_4534,0.46469895006942974
noisy_4535,0.0
noisy_4536,0.0
noisy_4537,0.0
noisy_4538,0.0
noisy_4539,0.0
noisy_4540,0.0
noisy_4541,0.0
noisy_4542,0.0
noisy_4543,0.0
noisy_4544,0.0
noisy_4545,0.0
noisy_4546,0.0
noisy_4547,0.0
noisy_4548,0.0
noisy_4549,0.0
noisy_4550,0.0
noisy_4551,0.0
noisy_4552,0.0
noisy_4553,0.0
noisy_4554,0.0
noisy_4555,0.0
noisy_4556,0.0
noisy_4557,0.0
noisy_4558,0.0
noisy_4559,0.0
noisy_4560,0.0
noisy_4561,0.0
noisy_4562,0.0
noisy_4563,0.0
noisy_4564,0.0
noisy_4565,0.0
noisy_4566,0.0
noisy_4567,0.0
noisy_4568,0.0
noisy_4569,0.0
noisy_4570,0.0
noisy_4571,0.0
noisy_4572,0.845824805860912
noisy_4573,0.0
noisy_4574,0.0
noisy_4575,0.0
noisy_4576,0.0
noisy_4577,0.0
noisy_4578,0.0
noisy_4579,0.0
noisy_4580,0.0
noisy_4581,0.0
noisy_4582,0.6449599215490592
noisy_4583,0.0
noisy_4584,0.0
noisy_4585,0.0
noisy_4586,0.0
noisy_4587,0.0
noisy_4588,0.0
noisy_4589,0.0
noisy_4590,0.0
noisy_4591,0.0
noisy_4592,0.0
noisy_4593,0.0
noisy_4594,0.0
noisy_4595,0.0
noisy_4596,0.0
noisy_4597,0.0
noisy_4598,0.0
noisy_4599,0.0
noisy_4600,0.0
noisy_4601,0.0
noisy_4602,0.0
noisy_4603,0.0
noisy_4604,0.0
noisy_4605,0.0
noisy_4606,0.0
noisy_4607,0.0
noisy_4608,0.0
noisy_4609,0.0
noisy_4610,0.0
noisy_4611,0.0
noisy_4612,0.0
noisy_4613,0.0
noisy_4614,0.0
noisy_4615,0.0
noisy_4616,0.0
noisy_4617,0.0
noisy_4618,0.0
noisy_4619,0.0
noisy_4620,0.0
noisy_4621,0.0
noisy_4622,0.0
noisy_4623,0.0
noisy_4624,0.0
noisy_4625,0.2650771887395252
noisy_4626,0.0
noisy_4627,0.0
noisy_4628,0.0
noisy_4629,0.0
noisy_4630,0.0
noisy_4631,0.0
noisy_4632,0.0
noisy_4633,0.0
noisy_4634,0.0
noisy_4635,0.0
noisy_4636,0.0
noisy_4637,0.0
noisy_4638,0.0
noisy_4639,0.0
noisy_4640,0.0
noisy_4641,0.0
noisy_4642,0.0
noisy_4643,0.0
noisy_4644,0.0
noisy_4645,0.0
noisy_4646,0.0
noisy_4647,0.0
noisy_4648,0.0
noisy_4649,0.0
noisy_4650,0.0
noisy_4651,0.0
noisy_4652,0.0
noisy_4653,0.0
noisy_4654,0.0
noisy_4655,0.0
noisy_4656,0.0
noisy_4657,0.0
noisy_4658,0.0
noisy_4659,0.0
noisy_4660,0.0
noisy_4661,0.7095115034113072
noisy_4662,0.0
noisy_4663,0.0
noisy_4664,0.0
noisy_4665,0.0
noisy_4666,0.0
noisy_4667,0.0
noisy_4668,0.0
noisy_4669,0.0
noisy_4670,0.0
noisy_4671,0.0
noisy_4672,0.0
noisy_4673,0.0
noisy_4674,0.0
noisy_4675,0.0
noisy_4676,0.0
noisy_4677,0.0
noisy_4678,0.0
noisy_4679,0.0
noisy_4680,0.0
noisy_4681,0.0
noisy_4682,0.0
noisy_4683,0.0
noisy_4684,0.0
noisy_4685,0.0
noisy_4686,0.0
noisy_4687,0.0
noisy_4688,0.0
noisy_4689,0.0
noisy_4690,0.0
noisy_4691,0.0
noisy_4692,0.0
noisy_4693,0.0
noisy_4694,0.0
noisy_4695,0.0
noisy_4696,0.0
noisy_4697,0.0
noisy_4698,0.0
noisy_4699,0.0
noisy_4700,0.0
noisy_4701,0.0
noisy_4702,0.0
noisy_4703,0.0
noisy_4704,0.0
noisy_4705,0.0
noisy_4706,0.0
noisy_4707,0.0
noisy_4708,0.0
noisy_4709,0.0
noisy_4710,0.0
noisy_4711,0.0
noisy_4712,0.0
noisy_4713,0.0
noisy_4714,0.0
noisy_4715,0.0
noisy_4716,0.0
noisy_4717,0.0
noisy_4718,0.0
noisy_4719,0.0
noisy_4720,0.0
noisy_4721,0.0
noisy_4722,0.0
noisy_4723,0.0
noisy_4724,0.0
noisy_4725,0.0
noisy_4726,0.0
noisy_4727,0.0
noisy_4728,0.1475011066258932
noisy_4729,0.0
noisy_4730,0.0
noisy_4731,0.0
noisy_4732,0.0
noisy_4733,0.0
noisy_4734,0.0
noisy_4735,0.0
noisy_4736,0.0
noisy_4737,0.0
noisy_4738,0.0
noisy_4739,0.0
noisy_4740,0.0
noisy_4741,0.0
noisy_4742,0.0
noisy_4743,0.0
noisy_4744,0.0
noisy_4745,0.0
noisy_4746,0.0
noisy_4747,0.0
noisy_4748,0.0
noisy_4749,0.0
noisy_4750,0.0
noisy_4751,0.0
noisy_4752,0.0
noisy_4753,0.0
noisy_4754,0.0
noisy_4755,0.0
noisy_4756,0.0
noisy_4757,0.0
noisy_4758,0.0
noisy_4759,0.0
noisy_4760,0.0
noisy_4761,0.0
noisy_4762,0.0
noisy_4763,0.0
noisy_4764,0.0
noisy_4765,0.0
noisy_4766,0.0
noisy_4767,0.0
noisy_4768,0.0
noisy_4769,0.0
noisy_4770,0.0
noisy_4771,0.0
noisy_4772,0.0
noisy_4773,0.0
noisy_4774,0.0
noisy_4775,0.0
noisy_4776,0.0
noisy_4777,0.0
noisy_4778,0.0
noisy_4779,0.0
noisy_4780,0.0
noisy_4781,0.0
noisy_4782,0.0
noisy_4783,0.0
noisy_4784,0.0
noisy_4785,0.0
noisy_4786,0.0
noisy_4787,0.0
noisy_4788,0.0
noisy_4789,0.25289738779288695
noisy_4790,0.0
noisy_4791,0.0
noisy_4792,0.0
noisy_4793,0.0
noisy_4794,0.0
noisy_4795,0.0
noisy_4796,0.0
noisy_4797,0.0
noisy_4798,0.0
noisy_4799,0.0
noisy_4800,0.0
noisy_4801,0.0
noisy_4802,0.0
noisy_4803,0.0
noisy_4804,0.0
noisy_4805,0.0
noisy_4806,0.0
noisy_4807,0.0
noisy_4808,0.0
noisy_4809,0.0
noisy_4810,0.0
noisy_4811,0.0
noisy_4812,0.0
noisy_4813,0.0
noisy_4814,0.0
noisy_4815,0.0
noisy_4816,0.0
noisy_4817,0.0
noisy_4818,0.0
noisy_4819,0.0
noisy_4820,0.0
noisy_4821,0.0
noisy_4822,0.0
noisy_4823,0.0
noisy_4824,0.0
noisy_4825,0.0
noisy_4826,0.0
noisy_4827,0.0
noisy_4828,0.0
noisy_4829,0.0
noisy_4830,0.0
noisy_4831,0.0
noisy_4832,0.0
noisy_4833,0.0
noisy_4834,0.0
noisy_4835,0.0
noisy_4836,0.0
noisy_4837,0.0
noisy_4838,0.0
noisy_4839,0.0
noisy_4840,0.0
noisy_4841,0.0
noisy_4842,0.15818292209439275
noisy_4843,0.0
noisy_4844,0.0
noisy_4845,0.0
noisy_4846,0.0
noisy_4847,0.0
noisy_4848,0.0
noisy_4849,0.0
noisy_4850,0.0
noisy_4851,0.0
noisy_4852,0.0
noisy_4853,0.0
noisy_4854,0.0
noisy_4855,0.0
noisy_4856,0.0
noisy_4857,0.0
noisy_4858,0.0
noisy_4859,0.0
noisy_4860,0.0
noisy_4861,0.0
noisy_4862,0.0
noisy_4863,0.0
noisy_4864,0.0
noisy_4865,0.0
noisy_4866,0.0
noisy_4867,0.0
noisy_4868,0.0
noisy_4869,0.0
noisy_4870,0.0
noisy_4871,0.0
noisy_4872,0.0
noisy_4873,0.0
noisy_4874,0.0
noisy_4875,0.0
noisy_4876,0.0
noisy_4877,0.0
noisy_4878,0.0
noisy_4879,0.0
noisy_4880,0.0
noisy_4881,0.0
noisy_4882,0.0
noisy_4883,0.0
noisy_4884,0.0
noisy_4885,0.0
noisy_4886,0.0
noisy_4887,0.0
noisy_4888,0.0
noisy_4889,0.0
noisy_4890,0.0
noisy_4891,0.0
noisy_4892,0.0
noisy_4893,0.0
noisy_4894,0.0
noisy_4895,0.0
noisy_4896,0.0
noisy_4897,0.0
noisy_4898,0.0
noisy_4899,0.0
noisy_4900,0.0
noisy_4901,0.0
noisy_4902,0.0
noisy_4903,0.0
noisy_4904,0.0
noisy_4905,0.0
noisy_4906,0.0
noisy_4907,0.0
noisy_4908,0.0
noisy_4909,0.0
noisy_4910,0.0
noisy_4911,0.0
noisy_4912,0.0
noisy_4913,0.0
noisy_4914,0.0
noisy_4915,0.0
noisy_4916,0.0
noisy_4917,0.0
noisy_4918,0.0
noisy_4919,0.0
noisy_4920,0.0
noisy_4921,0.0
noisy_4922,0.0
noisy_4923,0.0
noisy_4924,0.0
noisy_4925,0.0
noisy_4926,0.0
noisy_4927,0.0
noisy_4928,0.0
noisy_4929,0.0
noisy_4930,0.0
noisy_4931,0.0
noisy_4932,0.0
noisy_4933,0.0
noisy_4934,0.0
noisy_4935,0.0
noisy_4936,0.0
noisy_4937,0.0
noisy_4938,0.0
noisy_4939,0.0
noisy_4940,0.0
noisy_4941,0.0
noisy_4942,0.0
noisy_4943,0.0
noisy_4944,0.0
noisy_4945,0.0
noisy_4946,0.0
noisy_4947,0.0
noisy_4948,0.0
noisy_4949,0.0
noisy_4950,0.0
noisy_4951,0.0
noisy_4952,0.0
noisy_4953,0.0
noisy_4954,0.0
noisy_4955,0.0
noisy_4956,0.0
noisy_4957,0.0
noisy_4958,0.0
noisy_4959,0.0
noisy_4960,0.0
noisy_4961,0.0
noisy_4962,0.0
noisy_4963,0.0
noisy_4964,0.0
noisy_4965,0.0
noisy_4966,0.0
noisy_4967,0.0
noisy_4968,0.0
noisy_4969,0.0
noisy_4970,0.0
noisy_4971,0.0
noisy_4972,0.0
noisy_4973,0.0
noisy_4974,0.0
noisy_4975,0.0
noisy_4976,0.0
noisy_4977,0.0
noisy_4978,0.43727577889311975
noisy_4979,0.0
noisy_4980,0.0
noisy_4981,0.0
noisy_4982,0.0
noisy_4983,0.0
noisy_4984,0.0
noisy_4985,0.0
noisy_4986,0.0
noisy_4987,0.0
noisy_4988,0.0
noisy_4989,0.0
noisy_4990,0.0
noisy_4991,0.0
noisy_4992,0.0
noisy_4993,0.0
noisy_4994,0.0
noisy_4995,0.0
noisy_4996,0.0
noisy_4997,0.0
noisy_4998,0.0
noisy_4999,0.0
