,wt-SNE 1,wt-SNE 2,type
GSM153054.CEL,-0.02850248030128578,6.0954484188426985,primary_prostate_tumor
GSM153055.CEL,-2.0753038518730924,-0.15843729783513244,primary_prostate_tumor
GSM153056.CEL,-0.10269519619793381,-4.589343824167104,primary_prostate_tumor
GSM153057.CEL,2.006451512097943,-6.962450976918068,primary_prostate_tumor
GSM153058.CEL,3.5264848644169677,-6.6616953286708505,primary_prostate_tumor
GSM153059.CEL,2.709705538220307,-7.1598903053118095,primary_prostate_tumor
GSM153061.CEL,-5.1939667468914745,0.8631368047511968,primary_prostate_tumor
GSM153063.CEL,4.350351010369112,-1.61560774307489,primary_prostate_tumor
GSM153064.CEL,2.298111724445836,0.6586709558487515,primary_prostate_tumor
GSM153066.CEL,1.940129112994315,8.414677352876842,primary_prostate_tumor
GSM153067.CEL,0.6674962861357291,0.9515272521283866,primary_prostate_tumor
GSM153068.CEL,4.085632695323128,-6.296784194629355,primary_prostate_tumor
GSM153069.CEL,-2.9103306196752765,-6.243531403485778,primary_prostate_tumor
GSM153070.CEL,0.266093182857585,0.12471434908524669,primary_prostate_tumor
GSM153072.CEL,-3.262449566596742,5.340129285798293,primary_prostate_tumor
GSM153073.CEL,-2.470684942281639,1.5399261156992086,primary_prostate_tumor
GSM153074.CEL,0.029030684775918435,-5.103542375713779,primary_prostate_tumor
GSM153075.CEL,2.606027623767152,-2.9653491982386884,primary_prostate_tumor
GSM153076.CEL,3.0789297981193746,3.6406192106356916,primary_prostate_tumor
GSM153077.CEL,0.7407889632715722,2.8589083661420114,primary_prostate_tumor
GSM153078.CEL,3.684238452099748,-6.7903617133793785,primary_prostate_tumor
GSM153079.CEL,1.986062579927328,4.720662989484118,primary_prostate_tumor
GSM153080.CEL,-1.4729445096677427,1.2978264315566184,primary_prostate_tumor
GSM153081.CEL,-2.5612284550821593,3.987592571935935,primary_prostate_tumor
GSM153082.CEL,1.672234168196301,4.078181160228553,primary_prostate_tumor
GSM153083.CEL,2.435740706008399,4.22818302950155,primary_prostate_tumor
GSM153084.CEL,-2.401547288536125,2.330172465382394,primary_prostate_tumor
GSM153085.CEL,-1.9906499912693736,2.7382827505163285,primary_prostate_tumor
GSM153086.CEL,0.8471970491410732,1.5968587621209969,primary_prostate_tumor
GSM153087.CEL,1.1957469633969242,-5.1751957256198065,primary_prostate_tumor
GSM153088.CEL,4.5863745909284725,2.035512344776372,primary_prostate_tumor
GSM153089.CEL,-0.7108823331618757,1.0714620070455163,primary_prostate_tumor
GSM153090.CEL,-2.196788445404753,-0.7887083431125477,primary_prostate_tumor
GSM153091.CEL,1.6244506915404728,3.679693091581201,primary_prostate_tumor
GSM153092.CEL,1.3384544696756868,1.7988929717650073,primary_prostate_tumor
GSM153093.CEL,-3.4765327774381016,-4.088545807548645,primary_prostate_tumor
GSM153094.CEL,-0.6400894550869447,3.1706664447200197,primary_prostate_tumor
GSM153095.CEL,-1.933675158933945,4.1310513905237185,primary_prostate_tumor
GSM153096.CEL,3.6496707822907717,1.242073961277289,primary_prostate_tumor
GSM153097.CEL,-1.0087114213220782,4.8258671018793144,primary_prostate_tumor
GSM153098.CEL,0.32323528154005027,7.423211610666906,primary_prostate_tumor
GSM153099.CEL,-1.3738687735513093,-4.765003757640953,primary_prostate_tumor
GSM153100.CEL,-0.10444175975496782,0.9460337114721589,primary_prostate_tumor
GSM153101.CEL,-0.8872005817598181,6.386366536140695,primary_prostate_tumor
GSM153102.CEL,1.8834544344145943,6.253209371885232,primary_prostate_tumor
GSM153103.CEL,1.430059562714163,7.091051669828661,primary_prostate_tumor
GSM153104.CEL,-0.3037817204429959,1.6407467448083004,primary_prostate_tumor
GSM153106.CEL,-2.52751482354139,5.584231787217498,primary_prostate_tumor
GSM153107.CEL,0.4820321498671113,4.250174974063731,primary_prostate_tumor
GSM153108.CEL,-1.674556165634933,4.271052118419599,primary_prostate_tumor
GSM153109.CEL,0.7973631772052001,6.305846857867192,primary_prostate_tumor
GSM153110.CEL,0.8267077897505474,5.235315836123476,primary_prostate_tumor
GSM153111.CEL,0.9333103652614118,4.445400656310916,primary_prostate_tumor
GSM153112.CEL,3.2146049014164144,0.4635319968201936,primary_prostate_tumor
GSM153113.CEL,-4.2486687514991175,2.5995918364507102,primary_prostate_tumor
GSM153114.CEL,-0.1839818660653009,-6.388494944106123,primary_prostate_tumor
GSM187533.CEL,-3.42477808918451,3.5029002996328744,primary_prostate_tumor
GSM187534.CEL,-0.5939797185807835,7.118034841982852,primary_prostate_tumor
GSM187535.CEL,0.1435065717961937,7.099801198658502,primary_prostate_tumor
GSM153238.CEL,1.5770457494190497,7.7954288308166415,normal
GSM153239.CEL,-3.5317918158495596,-1.484481696162319,normal
GSM153240.CEL,-3.7650817559873624,-0.9455446431671242,normal
GSM153241.CEL,2.3807081816231177,-4.381049120771047,normal
GSM153242.CEL,-0.4177722933269812,-7.824175897581913,normal
GSM153243.CEL,6.252096860605949,0.3814211395790154,normal
GSM153244.CEL,0.747276688117349,-1.8870072454705575,normal
GSM153245.CEL,-4.91893778174776,-0.8046765436655535,normal
GSM153247.CEL,2.586352184560336,5.587685490562376,normal
GSM153248.CEL,4.1228722451349435,1.4980957959338652,normal
GSM153249.CEL,-0.894330366745538,-3.3515553381795136,normal
GSM153250.CEL,1.2213029711973673,-0.7592195641189388,normal
GSM153251.CEL,-0.4534610500359328,-0.4100708954364432,normal
GSM153252.CEL,-0.3297643514365678,-1.2640504782242998,normal
GSM153253.CEL,-3.6607026961285194,-6.932756894125958,normal
GSM153254.CEL,3.847819349510452,3.192319210285637,normal
GSM153255.CEL,-3.9406845164656605,-3.1791680251571792,normal
GSM153256.CEL,3.987952902383623,4.0067442768090995,normal
GSM153257.CEL,-5.247210805047787,-2.4929510265388117,normal
GSM153258.CEL,2.840533377496791,2.679125491995743,normal
GSM153259.CEL,0.7338899381421342,5.017335434858189,normal
GSM153260.CEL,-3.8084601817671984,5.215979339479301,normal
GSM153261.CEL,0.6927709949961341,-5.985248107876352,normal
GSM153262.CEL,0.3614574728139459,-4.522806343594601,normal
GSM153263.CEL,2.3807753136508665,-0.3673450966092556,normal
GSM153264.CEL,1.1440131580484771,-2.5474989773059815,normal
GSM153265.CEL,-2.0639598865000037,-6.0321313595121895,normal
GSM153266.CEL,2.5567011077184096,2.4614219481979864,normal
GSM153267.CEL,-1.541462183101798,-2.249484812551074,normal
GSM153268.CEL,-3.784351103585789,-7.314521278349849,normal
GSM153269.CEL,-2.6753195589986007,-4.136455023441944,normal
GSM153270.CEL,-0.3340201291691702,-2.730257620072273,normal
GSM153271.CEL,3.5471121456163246,3.053790266325516,normal
GSM153272.CEL,1.2119760249186324,-4.222912370613585,normal
GSM153273.CEL,4.721513225060162,1.932242336685781,normal
GSM153274.CEL,1.4944465785592453,-2.6685691072040956,normal
GSM153275.CEL,-1.2344537463728449,-1.818137058013892,normal
GSM153276.CEL,-2.553272834745701,-5.018542288691073,normal
GSM153277.CEL,-3.0652309079457365,-3.259867892331561,normal
GSM153278.CEL,-4.646518173003984,-1.914415218569155,normal
GSM153279.CEL,-2.212764101462642,-2.7634333019732256,normal
GSM153280.CEL,-0.4650666023611016,-3.8399350010648514,normal
GSM153281.CEL,-1.0020190818744295,-6.2881218524393505,normal
GSM153282.CEL,-3.8893698750845394,-6.5987278774178915,normal
GSM153283.CEL,-1.6896245032995352,-0.18638735030508255,normal
GSM153284.CEL,0.7005136029628735,-2.9996686853379453,normal
GSM153285.CEL,-1.807049219701169,-4.700077056718767,normal
GSM153286.CEL,2.427278072577822,0.26173449225402495,normal
GSM153288.CEL,-2.8218127877450163,-4.658935577788979,normal
GSM153289.CEL,1.771741029586027,-0.2656882811991057,normal
GSM153290.CEL,-3.4143543606672453,-2.9787719524539904,normal
GSM153291.CEL,3.6863263705507987,-0.41320267975720065,normal
GSM153292.CEL,4.224029941310507,-1.0716561191140141,normal
GSM153293.CEL,1.6459931545435726,-0.02206619117348386,normal
GSM153294.CEL,-0.5820378212813635,7.830944303198856,normal
GSM153295.CEL,-3.7135363438955076,-5.90699320190148,normal
