,wt-SNE 1,wt-SNE 2,type
GSM153054.CEL,3.3812692816448076,3.2329207161320284,primary_prostate_tumor
GSM153055.CEL,0.5858534125250376,0.8283638458982269,primary_prostate_tumor
GSM153056.CEL,3.3046456396124397,1.1054531288925602,primary_prostate_tumor
GSM153057.CEL,-3.776423988300947,0.7427443259915073,primary_prostate_tumor
GSM153058.CEL,4.702048767478544,0.7432863298949139,primary_prostate_tumor
GSM153059.CEL,4.165265308053934,-0.9529897403530936,primary_prostate_tumor
GSM153061.CEL,1.1537997560695978,-5.596132281775477,primary_prostate_tumor
GSM153063.CEL,1.9670837879062895,4.0501472710107675,primary_prostate_tumor
GSM153064.CEL,-2.03592832352523,-1.75838123778568,primary_prostate_tumor
GSM153066.CEL,2.9609348813234226,-3.5614838084023352,primary_prostate_tumor
GSM153067.CEL,-1.578953639800633,1.2360027947403718,primary_prostate_tumor
GSM153068.CEL,4.4906204769294815,-1.6684512907287747,primary_prostate_tumor
GSM153069.CEL,-1.6991525420280624,3.3479151223492964,primary_prostate_tumor
GSM153070.CEL,1.5530138498894013,2.7457645184911805,primary_prostate_tumor
GSM153072.CEL,-3.7480821876356463,-2.857175378034989,primary_prostate_tumor
GSM153073.CEL,-3.743856555850132,-2.126387969467499,primary_prostate_tumor
GSM153074.CEL,1.8403146606609975,1.479201880853633,primary_prostate_tumor
GSM153075.CEL,2.038730196676878,1.2123053731791564,primary_prostate_tumor
GSM153076.CEL,-1.2737200938845898,-0.5397125496700272,primary_prostate_tumor
GSM153077.CEL,0.08451643435500589,-1.1509629837779667,primary_prostate_tumor
GSM153078.CEL,4.548251821511459,-0.5223361436646381,primary_prostate_tumor
GSM153079.CEL,0.13187741711780612,-2.333936118003201,primary_prostate_tumor
GSM153080.CEL,-3.1888846552688617,1.2679769162694792,primary_prostate_tumor
GSM153081.CEL,3.1121815920877185,0.04580798659930231,primary_prostate_tumor
GSM153082.CEL,-0.6157850584123346,-3.022050173802977,primary_prostate_tumor
GSM153083.CEL,1.3211078534758751,-2.3819142515726472,primary_prostate_tumor
GSM153084.CEL,2.124327047465277,-1.7030776701931736,primary_prostate_tumor
GSM153085.CEL,2.2065728231572326,-2.2805518490935093,primary_prostate_tumor
GSM153086.CEL,0.8917097484275707,-3.078273609215717,primary_prostate_tumor
GSM153087.CEL,0.789614380105026,0.3758488407709549,primary_prostate_tumor
GSM153088.CEL,-1.476990100754025,-0.2698285981733106,primary_prostate_tumor
GSM153089.CEL,-0.5441712290162752,-5.3146259204657555,primary_prostate_tumor
GSM153090.CEL,-0.18033616967210667,0.7325431509309333,primary_prostate_tumor
GSM153091.CEL,0.930325376010344,-2.2334539313093713,primary_prostate_tumor
GSM153092.CEL,1.3885256586274604,-0.8360537378386237,primary_prostate_tumor
GSM153093.CEL,-0.676595873347827,2.3138076055193504,primary_prostate_tumor
GSM153094.CEL,0.6727535653058783,-2.2478150008046613,primary_prostate_tumor
GSM153095.CEL,-1.7214966492899968,-2.567368502549667,primary_prostate_tumor
GSM153096.CEL,0.3470049013645633,-1.6939341056291957,primary_prostate_tumor
GSM153097.CEL,1.2070778496224364,-2.352948175899878,primary_prostate_tumor
GSM153098.CEL,-2.1038232835409527,-1.4010148151599866,primary_prostate_tumor
GSM153099.CEL,-0.5831815784621865,0.3510360966137066,primary_prostate_tumor
GSM153100.CEL,-0.36614513006882576,-1.6110726828326698,primary_prostate_tumor
GSM153101.CEL,-0.6107060263728181,-3.4447538346293505,primary_prostate_tumor
GSM153102.CEL,2.133357733068014,-5.0133049604697755,primary_prostate_tumor
GSM153103.CEL,1.9145750775218655,-2.9911723984698546,primary_prostate_tumor
GSM153104.CEL,-3.104179940775949,2.439858187897475,primary_prostate_tumor
GSM153106.CEL,2.0530070613647498,-4.969404749099464,primary_prostate_tumor
GSM153107.CEL,2.580600066887855,-2.784613709778286,primary_prostate_tumor
GSM153108.CEL,-2.9438421145991875,-1.3804660901778192,primary_prostate_tumor
GSM153109.CEL,2.11851762376495,-5.003148553072087,primary_prostate_tumor
GSM153110.CEL,1.4084873822852335,-3.3050853523703436,primary_prostate_tumor
GSM153111.CEL,2.12558281789017,-2.409051380744816,primary_prostate_tumor
GSM153112.CEL,-1.6560018904850027,-1.5724292573308465,primary_prostate_tumor
GSM153113.CEL,-0.8263313250905472,-3.71480166791897,primary_prostate_tumor
GSM153114.CEL,1.4195922549344393,0.9577133866469945,primary_prostate_tumor
GSM187533.CEL,3.3005066780850676,-2.572120057648778,primary_prostate_tumor
GSM187534.CEL,-1.2285711946511968,-4.127004731332533,primary_prostate_tumor
GSM187535.CEL,-1.9006018501442548,-3.3890206010411013,primary_prostate_tumor
GSM153238.CEL,4.366312762968226,-3.5993141000567235,normal
GSM153239.CEL,-2.778365187664215,4.314393245842007,normal
GSM153240.CEL,0.47080921564010797,1.904396781197433,normal
GSM153241.CEL,3.812757252442458,1.5496103857047856,normal
GSM153242.CEL,-4.53502741817448,2.318305741555259,normal
GSM153243.CEL,-4.8085011137415705,0.9507954030005515,normal
GSM153244.CEL,0.9484832969947086,3.8818092495396384,normal
GSM153245.CEL,-1.2433020336431777,5.20233422046779,normal
GSM153247.CEL,-4.265070772447563,-0.8958118416340397,normal
GSM153248.CEL,-1.121684979732335,-2.0878741838036508,normal
GSM153249.CEL,2.0819481939889934,2.1814579690837714,normal
GSM153250.CEL,-1.310605722311795,0.20522368299219118,normal
GSM153251.CEL,0.3649585704057505,4.917937100408399,normal
GSM153252.CEL,-1.6823984674794914,1.6359845507320656,normal
GSM153253.CEL,-1.5687104654366337,3.604403874392325,normal
GSM153254.CEL,3.4749334953762276,1.0319998195522178,normal
GSM153255.CEL,-2.6913946964738904,3.0758626527326234,normal
GSM153256.CEL,-1.8718649266283083,0.8091715605643997,normal
GSM153257.CEL,-1.4063705935366457,1.5358170938011932,normal
GSM153258.CEL,2.2351296356582595,0.32860891982413715,normal
GSM153259.CEL,2.2969133262841503,-2.892431951635187,normal
GSM153260.CEL,2.866795759850691,-0.5454996703223666,normal
GSM153261.CEL,3.0451563836099624,-0.5227486362502773,normal
GSM153262.CEL,-0.24167134147995475,3.776117653600664,normal
GSM153263.CEL,-0.8626413774746905,0.4982536837660066,normal
GSM153264.CEL,-0.10075412269958076,-0.4190526268582107,normal
GSM153265.CEL,0.3801261901334005,2.812447145284335,normal
GSM153266.CEL,1.4080853001321743,-0.4670255879074154,normal
GSM153267.CEL,0.49345521224407046,0.23442591000597265,normal
GSM153268.CEL,-0.7843444129911117,4.119157761451758,normal
GSM153269.CEL,0.422090331206292,1.6378110409503932,normal
GSM153270.CEL,1.901640474430215,-0.04403490608915014,normal
GSM153271.CEL,-1.52144196445299,-0.07684895602498962,normal
GSM153272.CEL,-1.706044901410567,0.8981845775459755,normal
GSM153273.CEL,-0.9549557477490473,-1.954861878304667,normal
GSM153274.CEL,1.4189335886168413,-0.10912052460589858,normal
GSM153275.CEL,0.41056207911919396,1.5227677618064361,normal
GSM153276.CEL,-2.1075133723941866,2.879821959630259,normal
GSM153277.CEL,0.3655003443125661,1.2381535877430774,normal
GSM153278.CEL,0.5700736640407356,-4.157603448031302,normal
GSM153279.CEL,-0.4770714262759008,2.444515222753767,normal
GSM153280.CEL,0.5593709011042971,2.772894951253837,normal
GSM153281.CEL,-0.5039138446353538,3.5682076583973537,normal
GSM153282.CEL,-1.2713661724737055,3.9159404636965753,normal
GSM153283.CEL,-0.16572400426660552,-0.5066926777885747,normal
GSM153284.CEL,-0.7301664840815558,1.6120687423589057,normal
GSM153285.CEL,-1.587562632478288,3.919367737164572,normal
GSM153286.CEL,-2.173661756983231,1.226234850156355,normal
GSM153288.CEL,-2.1929951315781326,2.101597044118014,normal
GSM153289.CEL,-0.727200993196869,-0.6528093311701317,normal
GSM153290.CEL,-3.0567405852680145,3.1916914889466836,normal
GSM153291.CEL,-2.7859558528079553,2.881334413248839,normal
GSM153292.CEL,-1.2342524617854465,2.3943160324247725,normal
GSM153293.CEL,-2.106078868408776,0.04022632917776284,normal
GSM153294.CEL,-2.8521231611970195,-0.43292516032872824,normal
GSM153295.CEL,-3.8364507674294686,3.7606196055451857,normal
