,wt-SNE 1,wt-SNE 2,type
GSM153054.CEL,5.448987723323651,-4.5976499346896045,primary_prostate_tumor
GSM153055.CEL,-1.4056803726341571,0.07268024012152771,primary_prostate_tumor
GSM153056.CEL,-3.3734165410344055,2.1296293428224966,primary_prostate_tumor
GSM153057.CEL,2.6651090920367912,6.257650924889008,primary_prostate_tumor
GSM153058.CEL,3.3416792359185323,5.286375616873183,primary_prostate_tumor
GSM153059.CEL,3.291675811387903,6.193080936587451,primary_prostate_tumor
GSM153061.CEL,0.11100443181752975,7.0960684502463796,primary_prostate_tumor
GSM153063.CEL,-4.178275569893317,-2.2413084954296556,primary_prostate_tumor
GSM153064.CEL,2.143784576404453,0.5093668808473829,primary_prostate_tumor
GSM153066.CEL,5.987621352702523,-6.280598039880844,primary_prostate_tumor
GSM153067.CEL,0.2654474143217495,-1.0866764744270208,primary_prostate_tumor
GSM153068.CEL,3.144158054710849,4.754009794131472,primary_prostate_tumor
GSM153069.CEL,-5.247000131665483,5.091600698057396,primary_prostate_tumor
GSM153070.CEL,1.231090839519482,-1.5643457105169605,primary_prostate_tumor
GSM153072.CEL,-0.9473467612467812,-5.503013989717908,primary_prostate_tumor
GSM153073.CEL,-1.2779503930813385,-2.6658487833860343,primary_prostate_tumor
GSM153074.CEL,-4.173199515829886,2.2216817553317387,primary_prostate_tumor
GSM153075.CEL,-4.64978096794067,-0.2811654558292103,primary_prostate_tumor
GSM153076.CEL,3.500704436711598,-1.9912299645519311,primary_prostate_tumor
GSM153077.CEL,1.5460869446466812,-2.2168465409338998,primary_prostate_tumor
GSM153078.CEL,3.6666921845558074,5.226298983267535,primary_prostate_tumor
GSM153079.CEL,1.4746857383579888,-3.3937455181500025,primary_prostate_tumor
GSM153080.CEL,0.05454417265333287,-0.0738888933747873,primary_prostate_tumor
GSM153081.CEL,0.9211449792318888,-5.841254861472033,primary_prostate_tumor
GSM153082.CEL,2.9562702543870762,-3.114955549747027,primary_prostate_tumor
GSM153083.CEL,2.679886586418239,-2.6314381514665186,primary_prostate_tumor
GSM153084.CEL,-1.1727280314983801,-3.6220163056117736,primary_prostate_tumor
GSM153085.CEL,-0.6621101755025197,-3.8268614627909288,primary_prostate_tumor
GSM153086.CEL,-0.38525865669107323,-1.4532955696739043,primary_prostate_tumor
GSM153087.CEL,-4.800637498961755,0.8126254408182273,primary_prostate_tumor
GSM153088.CEL,4.706325442994452,0.2211950057989729,primary_prostate_tumor
GSM153089.CEL,0.8201136171470198,0.49539820810629337,primary_prostate_tumor
GSM153090.CEL,-1.8272150173771005,0.6880327138336927,primary_prostate_tumor
GSM153091.CEL,2.433776105526197,-3.1324369081998564,primary_prostate_tumor
GSM153092.CEL,-0.21889681578451115,-1.6208980600384633,primary_prostate_tumor
GSM153093.CEL,-3.0349476599404768,5.125193691377354,primary_prostate_tumor
GSM153094.CEL,0.11879321701348412,-3.4898856267580163,primary_prostate_tumor
GSM153095.CEL,0.5769664403180819,-5.222265054017938,primary_prostate_tumor
GSM153096.CEL,3.4825405414927695,0.10615837012783093,primary_prostate_tumor
GSM153097.CEL,1.819635196154636,-5.306366011234766,primary_prostate_tumor
GSM153098.CEL,4.093542049995722,-6.225959557537604,primary_prostate_tumor
GSM153099.CEL,-4.153030277656108,3.381770947763315,primary_prostate_tumor
GSM153100.CEL,-0.4211827614377264,-0.7614928226051315,primary_prostate_tumor
GSM153101.CEL,2.753129758914776,-6.316952727767198,primary_prostate_tumor
GSM153102.CEL,4.08848350994049,-4.735624946644064,primary_prostate_tumor
GSM153103.CEL,4.687896915565861,-5.472252981589855,primary_prostate_tumor
GSM153104.CEL,0.9512345310395713,-0.07676015575857066,primary_prostate_tumor
GSM153106.CEL,-0.23097761751592916,-6.056009058525343,primary_prostate_tumor
GSM153107.CEL,3.09798152299965,-4.060746904947486,primary_prostate_tumor
GSM153108.CEL,0.6428210400953329,-5.040186705533697,primary_prostate_tumor
GSM153109.CEL,3.4007992901906965,-5.1592151465322225,primary_prostate_tumor
GSM153110.CEL,4.347811237602786,-3.6007721195045117,primary_prostate_tumor
GSM153111.CEL,2.867188912341796,-3.85549439461625,primary_prostate_tumor
GSM153112.CEL,2.427247939288734,0.05515640060573638,primary_prostate_tumor
GSM153113.CEL,0.39890723644588993,-7.2945695584201005,primary_prostate_tumor
GSM153114.CEL,-5.546567744043642,2.44495653335654,primary_prostate_tumor
GSM187533.CEL,0.8665445245404028,-6.801612750524506,primary_prostate_tumor
GSM187534.CEL,3.4140793899022928,-6.604327970136769,primary_prostate_tumor
GSM187535.CEL,3.772042690031521,-6.055866832532571,primary_prostate_tumor
GSM153238.CEL,5.4018617400226105,-5.8219948339683425,normal
GSM153239.CEL,-0.6772168705114519,4.534688471157646,normal
GSM153240.CEL,-0.3076195273972882,4.691859131321139,normal
GSM153241.CEL,-0.9377592051344016,2.0708438473467004,normal
GSM153242.CEL,-4.005614080283468,7.283310919976529,normal
GSM153243.CEL,-2.2433645232432857,-4.006741077967049,normal
GSM153244.CEL,-2.3447763107777337,-0.6555897147104088,normal
GSM153245.CEL,-0.10511921245017265,5.835735473806655,normal
GSM153247.CEL,1.2470397591196336,-3.9757233731721806,normal
GSM153248.CEL,4.0525957219683875,0.2352453221507453,normal
GSM153249.CEL,-2.579752806819621,2.4538048174444937,normal
GSM153250.CEL,1.1592512637372396,2.2095140650793907,normal
GSM153251.CEL,0.07055110436898435,1.2980358738308075,normal
GSM153252.CEL,-1.440428834474084,1.2700316920630914,normal
GSM153253.CEL,-5.891443066905384,5.863585052796065,normal
GSM153254.CEL,4.360344187434445,-1.3305897207392248,normal
GSM153255.CEL,-2.0963444736655883,5.4028745126905555,normal
GSM153256.CEL,4.796840115947966,-1.7924934258650373,normal
GSM153257.CEL,-1.4225802729477457,6.520115450521381,normal
GSM153258.CEL,3.2371522630677623,-1.2700304559019477,normal
GSM153259.CEL,4.207362216838382,-3.445581513793079,normal
GSM153260.CEL,-1.4175907563959558,-5.770793557001244,normal
GSM153261.CEL,-4.992830828030952,1.7603861597823838,normal
GSM153262.CEL,-3.8221264263035377,1.9660090009059517,normal
GSM153263.CEL,2.391187033937342,1.7622713434360804,normal
GSM153264.CEL,-3.2350720922703964,0.104623163551374,normal
GSM153265.CEL,-5.19418868740391,4.242120097766773,normal
GSM153266.CEL,2.979059464895264,-1.215396891407725,normal
GSM153267.CEL,-1.4565068353370945,2.842924190396296,normal
GSM153268.CEL,-6.277195433256164,5.985502594942221,normal
GSM153269.CEL,-3.2541324617592546,4.447999584921622,normal
GSM153270.CEL,-2.262739819002974,1.6748691327740464,normal
GSM153271.CEL,4.08058317343043,-1.355020723463694,normal
GSM153272.CEL,4.138390005629048,2.0890506396939803,normal
GSM153273.CEL,4.8092826650611515,0.12496257795307812,normal
GSM153274.CEL,-3.3405664365638565,-0.2626195409989953,normal
GSM153275.CEL,0.1492246905559193,2.7591834136404088,normal
GSM153276.CEL,-4.1239705133105495,4.533152910548574,normal
GSM153277.CEL,-2.2571033400273346,4.596262295466296,normal
GSM153278.CEL,-0.9080046232145462,5.751917565261676,normal
GSM153279.CEL,-1.9056119272617649,3.615171922933845,normal
GSM153280.CEL,-3.152966740180841,2.3503265874722428,normal
GSM153281.CEL,-5.7094660366637005,3.3549428667181007,normal
GSM153282.CEL,-5.564774252785151,6.02223108528671,normal
GSM153283.CEL,-1.0321745112095446,0.4447551487823842,normal
GSM153284.CEL,-3.5226610790316006,0.6100624456501629,normal
GSM153285.CEL,-3.940912980779473,3.785261763855389,normal
GSM153286.CEL,2.0673066162841556,0.9868180816112953,normal
GSM153288.CEL,-3.7373827448948407,4.760112306652285,normal
GSM153289.CEL,1.5042042764688623,1.6120242579069575,normal
GSM153290.CEL,-1.9669551935946807,4.836958603538371,normal
GSM153291.CEL,-2.6587838325963555,-2.3579367969109,normal
GSM153292.CEL,-3.7909880053431677,-2.332138700274803,normal
GSM153293.CEL,1.4415979768907337,1.2636606183851962,normal
GSM153294.CEL,3.7950902471670247,-7.13119206460759,normal
GSM153295.CEL,-4.804432209910468,5.877542460874732,normal
