,PC 1 (0.46238733441268176),PC 2 (0.18931908818059542),type
GSM153054.CEL,-1.3120969400782259,0.2536773596768806,primary_prostate_tumor
GSM153055.CEL,0.09938403129637795,-0.12738657880651497,primary_prostate_tumor
GSM153056.CEL,0.726109539133734,-0.5786314049960569,primary_prostate_tumor
GSM153057.CEL,0.9478543163070169,-1.764380572629816,primary_prostate_tumor
GSM153058.CEL,0.09466686420447,-1.1540529127597798,primary_prostate_tumor
GSM153059.CEL,-0.13766760667669303,-2.3680660357265286,primary_prostate_tumor
GSM153061.CEL,0.3181697708173372,2.6279370482553315,primary_prostate_tumor
GSM153063.CEL,0.02783149964345398,0.4455394049985378,primary_prostate_tumor
GSM153064.CEL,-0.3867783888911066,0.6081625738882404,primary_prostate_tumor
GSM153066.CEL,-3.0889873764801696,-0.9797206976144213,primary_prostate_tumor
GSM153067.CEL,-0.12651069344073113,-0.18101634990658558,primary_prostate_tumor
GSM153068.CEL,0.04752917123419145,-0.6876421161930737,primary_prostate_tumor
GSM153069.CEL,1.9514589782922633,0.19345819920697874,primary_prostate_tumor
GSM153070.CEL,-0.3331295121962356,-0.07282868171935933,primary_prostate_tumor
GSM153072.CEL,-0.9912952879931499,0.1599832470920845,primary_prostate_tumor
GSM153073.CEL,-0.05965646506879162,0.7286400547947327,primary_prostate_tumor
GSM153074.CEL,0.8689699586794909,-0.8109810549774357,primary_prostate_tumor
GSM153075.CEL,0.5078473123422594,-0.45627662951031084,primary_prostate_tumor
GSM153076.CEL,-0.47588685335646363,-0.711039405946548,primary_prostate_tumor
GSM153077.CEL,-0.5769889496053503,-0.5888162119124433,primary_prostate_tumor
GSM153078.CEL,-0.5581609188187291,-1.412750544680341,primary_prostate_tumor
GSM153079.CEL,-0.7941632145818777,-0.3990046059099058,primary_prostate_tumor
GSM153080.CEL,-0.2153104140352696,0.3244422747395862,primary_prostate_tumor
GSM153081.CEL,-0.7379945088576662,-0.17033779351679934,primary_prostate_tumor
GSM153082.CEL,-0.8204643256256532,-0.1694160231595696,primary_prostate_tumor
GSM153083.CEL,-0.807862821143362,-0.5579053429482181,primary_prostate_tumor
GSM153084.CEL,-0.21027292498084024,0.4147039457294403,primary_prostate_tumor
GSM153085.CEL,-0.43598949498036843,0.06918841849336906,primary_prostate_tumor
GSM153086.CEL,-0.17614425733504743,-0.3035197583297038,primary_prostate_tumor
GSM153087.CEL,0.8194517552582832,-0.92579145279785,primary_prostate_tumor
GSM153088.CEL,-0.4671817160669594,0.004378928235772417,primary_prostate_tumor
GSM153089.CEL,-0.18198231969119394,0.4175285609472637,primary_prostate_tumor
GSM153090.CEL,0.3680968606024249,-0.49148595925992444,primary_prostate_tumor
GSM153091.CEL,-0.6616053148373288,-0.029603521165692186,primary_prostate_tumor
GSM153092.CEL,-0.1847902466853868,-0.24314146368370934,primary_prostate_tumor
GSM153093.CEL,0.9817987499288876,0.6090597070695007,primary_prostate_tumor
GSM153094.CEL,-0.5424105928894943,0.06261716183292976,primary_prostate_tumor
GSM153095.CEL,-0.6783020034457229,0.31272143809167396,primary_prostate_tumor
GSM153096.CEL,-0.2603302374342661,0.10786827351997227,primary_prostate_tumor
GSM153097.CEL,-1.0181060509304403,0.1177554555953323,primary_prostate_tumor
GSM153098.CEL,-1.9224674836277422,0.4676826379578914,primary_prostate_tumor
GSM153099.CEL,1.044499124179007,-0.23914631455265606,primary_prostate_tumor
GSM153100.CEL,-0.10864541427462934,-0.02840500438007711,primary_prostate_tumor
GSM153101.CEL,-1.3388212155555927,0.7374568672748503,primary_prostate_tumor
GSM153102.CEL,-1.501499125456559,-0.40684147904556456,primary_prostate_tumor
GSM153103.CEL,-1.8463629941761548,-0.2710782327810524,primary_prostate_tumor
GSM153104.CEL,-0.33371053604334217,0.060782388491957495,primary_prostate_tumor
GSM153106.CEL,-1.3100698571953653,0.49416436763344834,primary_prostate_tumor
GSM153107.CEL,-0.778780651222476,0.42534382333807225,primary_prostate_tumor
GSM153108.CEL,-0.7728869325688276,0.23948395225243638,primary_prostate_tumor
GSM153109.CEL,-1.248446180696825,0.2524582552229023,primary_prostate_tumor
GSM153110.CEL,-0.9955557699889135,-0.07625776161949648,primary_prostate_tumor
GSM153111.CEL,-0.8717615923338595,0.10511555844688138,primary_prostate_tumor
GSM153112.CEL,-0.3805970005717851,0.5711274090619676,primary_prostate_tumor
GSM153113.CEL,-0.6128904313901762,1.2422867665714858,primary_prostate_tumor
GSM153114.CEL,1.4425715007096287,-0.7626559737424475,primary_prostate_tumor
GSM187533.CEL,-0.7806849683208077,0.3250341883470372,primary_prostate_tumor
GSM187534.CEL,-1.4369096213471069,0.740700718460171,primary_prostate_tumor
GSM187535.CEL,-1.6398215100467586,0.6387062639955349,primary_prostate_tumor
GSM153238.CEL,-2.3189915273055886,-0.178672495975828,normal
GSM153239.CEL,1.1263962428473984,0.014929776003727352,normal
GSM153240.CEL,0.6093581338987725,0.4869293391227884,normal
GSM153241.CEL,0.38203084739307325,-0.11467876258225593,normal
GSM153242.CEL,2.03093449538839,-1.041257574764547,normal
GSM153243.CEL,-0.22010460233763435,-0.0762529934791218,normal
GSM153244.CEL,0.19714458608931956,-0.19023876616213503,normal
GSM153245.CEL,0.6232805744149742,0.8681082131958783,normal
GSM153247.CEL,-1.16926958783655,-0.5442567577511312,normal
GSM153248.CEL,-0.48153784018327517,0.27146956182400406,normal
GSM153249.CEL,0.708318052202818,-0.0963682206340634,normal
GSM153250.CEL,0.14063170057537216,0.1951858434240899,normal
GSM153251.CEL,0.12600616152750072,-0.1395296246104955,normal
GSM153252.CEL,0.130277819618173,-0.2249606689062638,normal
GSM153253.CEL,2.830945043891396,0.34734650902734093,normal
GSM153254.CEL,-0.5746113472715199,-0.5596053007721531,normal
GSM153255.CEL,0.7111979947570183,0.9683760657730655,normal
GSM153256.CEL,-0.48545077552674315,-1.1190113279895628,normal
GSM153257.CEL,0.9338789747010646,1.211252523293596,normal
GSM153258.CEL,-0.19821507071260652,-0.5570322030888479,normal
GSM153259.CEL,-0.8846501805568824,0.2727856675725591,normal
GSM153260.CEL,-0.7143977025883134,-0.10811256233998158,normal
GSM153261.CEL,0.623665224426186,-1.1092365011777474,normal
GSM153262.CEL,0.6082812746710118,-0.49244369760888607,normal
GSM153263.CEL,-0.24408608387374323,0.8364131081164808,normal
GSM153264.CEL,0.33111233580078586,-0.1782747735488761,normal
GSM153265.CEL,1.6762502687351621,-0.24530678273321033,normal
GSM153266.CEL,-0.2754493594446035,-0.3632911031178251,normal
GSM153267.CEL,0.40761700722247135,0.21840897966144676,normal
GSM153268.CEL,3.429697622588948,0.4761307953008997,normal
GSM153269.CEL,0.8551182784292793,0.4196845026006238,normal
GSM153270.CEL,0.34366636598838374,-0.34174762614866705,normal
GSM153271.CEL,-0.5629826585624615,-0.4408535358055105,normal
GSM153272.CEL,0.20572948195615043,-0.9281949322006536,normal
GSM153273.CEL,-0.4278735944579986,0.0003766760598957217,normal
GSM153274.CEL,0.314200467446377,-0.5717443231967821,normal
GSM153275.CEL,0.437470098718869,0.4665468495616704,normal
GSM153276.CEL,1.2626086764639517,0.1626393824481738,normal
GSM153277.CEL,0.8477844829772953,0.5787651531449478,normal
GSM153278.CEL,1.0566375539969202,0.8465631363788587,normal
GSM153279.CEL,0.6257248311227244,0.20806236090011068,normal
GSM153280.CEL,0.6762884750045596,-0.2859196973297126,normal
GSM153281.CEL,1.5441531780187678,-0.978857217278155,normal
GSM153282.CEL,2.558331006478598,0.4455617145034461,normal
GSM153283.CEL,0.1577874686603581,0.11025722990200892,normal
GSM153284.CEL,0.4664987715725786,-0.22295133366610742,normal
GSM153285.CEL,1.08857232034401,-0.04304157849454764,normal
GSM153286.CEL,-0.05615610614544827,0.48029246756152905,normal
GSM153288.CEL,1.202019319366383,0.27190811959599887,normal
GSM153289.CEL,0.0590372637297612,0.5342019725550232,normal
GSM153290.CEL,0.8357837153354414,0.6188483748636601,normal
GSM153291.CEL,0.05446092722323434,0.6107521161864495,normal
GSM153292.CEL,-0.04868393883549662,0.5434176036789473,normal
GSM153293.CEL,0.03996939694012408,0.4050241957184995,normal
GSM153294.CEL,-1.6240087824823817,1.032079980418021,normal
GSM153295.CEL,1.9013440059122624,0.45969677801894715,normal
