,wt-SNE 1,wt-SNE 2,type
GSM153054.CEL,2.4161679117720416,-2.727817534322073,primary_prostate_tumor
GSM153055.CEL,-0.8733981164282604,0.23816473857586398,primary_prostate_tumor
GSM153056.CEL,-1.9151723264522067,-1.651567037374181,primary_prostate_tumor
GSM153057.CEL,-3.145954775968847,-1.5715973661234264,primary_prostate_tumor
GSM153058.CEL,-3.1820724130261286,-1.8352370254077968,primary_prostate_tumor
GSM153059.CEL,0.9342462789004536,-4.218503858282518,primary_prostate_tumor
GSM153061.CEL,5.743483741969827,-1.9858433717537,primary_prostate_tumor
GSM153063.CEL,-4.22089522325933,-0.11409969695196943,primary_prostate_tumor
GSM153064.CEL,4.055998937487664,-0.5826649210416055,primary_prostate_tumor
GSM153066.CEL,4.148143403920251,-5.419775209727145,primary_prostate_tumor
GSM153067.CEL,-1.2877612549999349,3.490135457720124,primary_prostate_tumor
GSM153068.CEL,0.8296162317834177,-4.333044561905683,primary_prostate_tumor
GSM153069.CEL,-4.3747364259565975,4.364829940063901,primary_prostate_tumor
GSM153070.CEL,-0.15688775998493204,-0.42853227094647245,primary_prostate_tumor
GSM153072.CEL,4.517322026610718,-1.363205028829065,primary_prostate_tumor
GSM153073.CEL,0.7906429852793662,2.0924351893207396,primary_prostate_tumor
GSM153074.CEL,-2.6490143464889115,0.9587097415682723,primary_prostate_tumor
GSM153075.CEL,-2.210515684425541,0.047309723222109724,primary_prostate_tumor
GSM153076.CEL,0.5586145718394928,1.6220734174306048,primary_prostate_tumor
GSM153077.CEL,0.5888127854519678,-0.6252657507174696,primary_prostate_tumor
GSM153078.CEL,0.38038219389087774,-4.103199522017424,primary_prostate_tumor
GSM153079.CEL,4.08309135831194,-3.292534508825967,primary_prostate_tumor
GSM153080.CEL,2.068793640412763,1.625104326948965,primary_prostate_tumor
GSM153081.CEL,0.10363741398317775,-2.3485854078254236,primary_prostate_tumor
GSM153082.CEL,2.677127173863407,-1.8843610771933115,primary_prostate_tumor
GSM153083.CEL,3.947685170686986,-3.9058192825043,primary_prostate_tumor
GSM153084.CEL,3.4491064331949306,-4.593123102181036,primary_prostate_tumor
GSM153085.CEL,2.9370348379362308,-3.8054943180890235,primary_prostate_tumor
GSM153086.CEL,4.3829021784922295,-3.944994554445951,primary_prostate_tumor
GSM153087.CEL,-2.207863725234398,0.8346577168640027,primary_prostate_tumor
GSM153088.CEL,-0.020667357481319225,1.313294342095768,primary_prostate_tumor
GSM153089.CEL,3.202559716503087,1.596545054671172,primary_prostate_tumor
GSM153090.CEL,-1.4485568690397737,1.1535324148733803,primary_prostate_tumor
GSM153091.CEL,3.5460416191135327,-3.355395281744396,primary_prostate_tumor
GSM153092.CEL,1.0664139212937558,-1.6418750058952871,primary_prostate_tumor
GSM153093.CEL,-3.082093527851487,2.289558068572267,primary_prostate_tumor
GSM153094.CEL,3.518621236405796,-3.239306126033104,primary_prostate_tumor
GSM153095.CEL,4.093233409627902,0.3688465791347358,primary_prostate_tumor
GSM153096.CEL,3.167418036427805,-2.4604449071993453,primary_prostate_tumor
GSM153097.CEL,3.549886297013666,-3.336847844789148,primary_prostate_tumor
GSM153098.CEL,2.9945515120073827,-0.06743889011055673,primary_prostate_tumor
GSM153099.CEL,-1.1966786808710728,1.534763034462919,primary_prostate_tumor
GSM153100.CEL,2.044092910670705,-0.6952320284332052,primary_prostate_tumor
GSM153101.CEL,3.503269825423466,-1.6392089090768924,primary_prostate_tumor
GSM153102.CEL,5.060584874769629,-2.750761128235061,primary_prostate_tumor
GSM153103.CEL,3.6986047960327837,-4.333191302612915,primary_prostate_tumor
GSM153104.CEL,-5.024937867365929,2.9658169628545528,primary_prostate_tumor
GSM153106.CEL,4.778698465401558,-2.4943143824557503,primary_prostate_tumor
GSM153107.CEL,4.135244866563947,-3.0161261585671206,primary_prostate_tumor
GSM153108.CEL,2.2464725174768776,0.43172972619295963,primary_prostate_tumor
GSM153109.CEL,5.21234713459966,-3.597194458100264,primary_prostate_tumor
GSM153110.CEL,4.449530918129467,-3.574580089531032,primary_prostate_tumor
GSM153111.CEL,3.5917400554570444,-3.69968280921882,primary_prostate_tumor
GSM153112.CEL,2.677997524737768,-1.018087597492684,primary_prostate_tumor
GSM153113.CEL,2.9693351928900125,-4.511717472389374,primary_prostate_tumor
GSM153114.CEL,-3.4657062992782164,1.3762667415413326,primary_prostate_tumor
GSM187533.CEL,3.281835699001598,-5.775974800582723,primary_prostate_tumor
GSM187534.CEL,3.014632799649443,-5.438134898607805,primary_prostate_tumor
GSM187535.CEL,4.974019670790687,-4.804495191741749,primary_prostate_tumor
GSM153238.CEL,2.089656103507353,-3.005377091139664,normal
GSM153239.CEL,-3.5190914493881764,5.126245456101946,normal
GSM153240.CEL,-3.1539699895302418,2.949275581118701,normal
GSM153241.CEL,-1.8279866607982789,-1.687604433583608,normal
GSM153242.CEL,-4.89811179112536,0.5495045872178252,normal
GSM153243.CEL,5.461065244152047,-0.4958035998280602,normal
GSM153244.CEL,-3.3341120275924525,0.14622055399897824,normal
GSM153245.CEL,-5.671804699859036,3.779260355571322,normal
GSM153247.CEL,2.0246741224103846,-0.4799672940268325,normal
GSM153248.CEL,2.6631361470489963,-1.5792015550932805,normal
GSM153249.CEL,-2.9598051824991747,1.1332150420913367,normal
GSM153250.CEL,-0.08785175648797697,0.9594973715746112,normal
GSM153251.CEL,0.056484216616350405,4.055842038880727,normal
GSM153252.CEL,-1.4494747673604784,3.2095903723135026,normal
GSM153253.CEL,-4.648734400603058,4.5651246522046,normal
GSM153254.CEL,-2.0007995653042143,-0.8696996208557953,normal
GSM153255.CEL,-4.1776033090430245,3.601473781792849,normal
GSM153256.CEL,-1.3454790245005122,2.458650694638435,normal
GSM153257.CEL,-2.503374548185178,3.859276112883448,normal
GSM153258.CEL,0.3236247140977139,-1.5808432929378318,normal
GSM153259.CEL,3.8400685873126417,-2.6683012911003323,normal
GSM153260.CEL,0.2798676928185949,-2.784877601985861,normal
GSM153261.CEL,-0.26186294700339,-2.7425686219236725,normal
GSM153262.CEL,-2.943037572257785,4.43569844814343,normal
GSM153263.CEL,0.9656576690992464,1.0667499174974504,normal
GSM153264.CEL,0.14415977880964795,0.22496612119378412,normal
GSM153265.CEL,-3.375753497488006,4.071282489595389,normal
GSM153266.CEL,0.3875656237088952,-0.9629978870439342,normal
GSM153267.CEL,-0.9535586462711145,0.5016473557292693,normal
GSM153268.CEL,-4.390999313244648,5.059324964195264,normal
GSM153269.CEL,-2.0019401522402047,1.0592647664780517,normal
GSM153270.CEL,-0.7550899863188338,-1.1498138420654518,normal
GSM153271.CEL,-0.12603040612907887,1.5568181510463799,normal
GSM153272.CEL,-2.074532127750425,3.1004996836836085,normal
GSM153273.CEL,3.2083037156719416,-1.5521235130321873,normal
GSM153274.CEL,-1.6631019019210163,0.27021678586098197,normal
GSM153275.CEL,-2.090929257491266,1.8083776062880372,normal
GSM153276.CEL,-3.2275002725626667,2.420919469563805,normal
GSM153277.CEL,-2.92493850146313,1.7004294253659833,normal
GSM153278.CEL,1.3849262254410966,3.0651225939100195,normal
GSM153279.CEL,-3.78182796294363,1.3180136874932629,normal
GSM153280.CEL,-4.072085478207729,2.1091847125562166,normal
GSM153281.CEL,-3.4835417263213517,3.8781238976423316,normal
GSM153282.CEL,-4.404449621400574,4.496377929489496,normal
GSM153283.CEL,0.31126327711437257,0.2525406877677084,normal
GSM153284.CEL,-2.420639631090256,2.297094401882849,normal
GSM153285.CEL,-5.225336175702878,4.938183492662884,normal
GSM153286.CEL,-2.076145805159743,2.556320139042394,normal
GSM153288.CEL,-2.9971677195514443,3.062638468407724,normal
GSM153289.CEL,-0.9956440229138049,1.2672219859692917,normal
GSM153290.CEL,-4.518001006463321,2.8038290025797012,normal
GSM153291.CEL,-4.18586085622739,3.164876223210096,normal
GSM153292.CEL,-4.943298605002023,3.5499657673763534,normal
GSM153293.CEL,-1.1107531896458256,2.3383526775502883,normal
GSM153294.CEL,2.8530087248549165,-0.6420791661956345,normal
GSM153295.CEL,-2.338265909277921,5.315542871410894,normal
