,PC 1 (0.31071036523351),PC 2 (0.06135728083385201),type
GSM153054.CEL,7.379647853357551,-4.884457134450943,primary_prostate_tumor
GSM153055.CEL,-1.071139797864894,0.5418478706057377,primary_prostate_tumor
GSM153056.CEL,-2.0545519948040774,4.7845891234612905,primary_prostate_tumor
GSM153057.CEL,0.48741710199107113,3.8884238802876565,primary_prostate_tumor
GSM153058.CEL,1.4795151968527094,7.086108788254666,primary_prostate_tumor
GSM153059.CEL,7.955480595830827,7.410688785278491,primary_prostate_tumor
GSM153061.CEL,6.338514305486002,-0.3435690657303297,primary_prostate_tumor
GSM153063.CEL,-3.1793227722333794,-0.7906097382461145,primary_prostate_tumor
GSM153064.CEL,4.45325937821654,-4.618265229796889,primary_prostate_tumor
GSM153066.CEL,20.669467194064868,0.7929580416168365,primary_prostate_tumor
GSM153067.CEL,-5.915564874174317,-4.828234780911539,primary_prostate_tumor
GSM153068.CEL,6.630287330574485,5.423023757495965,primary_prostate_tumor
GSM153069.CEL,-16.24814465770468,-1.5710374680292254,primary_prostate_tumor
GSM153070.CEL,0.24450618253690928,1.312595899420595,primary_prostate_tumor
GSM153072.CEL,7.306003621073245,-7.067738192850582,primary_prostate_tumor
GSM153073.CEL,-0.04614107273697754,-6.275472856215738,primary_prostate_tumor
GSM153074.CEL,-5.053453890065882,2.150400338772861,primary_prostate_tumor
GSM153075.CEL,-1.888416782612554,3.840470465557128,primary_prostate_tumor
GSM153076.CEL,-1.290713861665227,-7.532288609246199,primary_prostate_tumor
GSM153077.CEL,3.6060707343619245,-1.6588001928765674,primary_prostate_tumor
GSM153078.CEL,6.343222567534242,6.258935098505978,primary_prostate_tumor
GSM153079.CEL,9.33402146772047,0.9697178028263552,primary_prostate_tumor
GSM153080.CEL,-0.5820136777494185,0.2557393348740853,primary_prostate_tumor
GSM153081.CEL,4.92528183047562,2.6628752650040366,primary_prostate_tumor
GSM153082.CEL,6.436016015734991,-2.3585067251477434,primary_prostate_tumor
GSM153083.CEL,13.465880067219087,0.3034945329724858,primary_prostate_tumor
GSM153084.CEL,11.913635887052681,2.8591106143014753,primary_prostate_tumor
GSM153085.CEL,7.981601137197743,2.108634394047237,primary_prostate_tumor
GSM153086.CEL,12.189686785086996,-2.5992839700748624,primary_prostate_tumor
GSM153087.CEL,-4.515517818617066,1.1799629496433444,primary_prostate_tumor
GSM153088.CEL,-1.20324921343699,-2.762127692398744,primary_prostate_tumor
GSM153089.CEL,3.3428380358046565,4.419589994348769,primary_prostate_tumor
GSM153090.CEL,-3.419783585953675,0.5111760942732267,primary_prostate_tumor
GSM153091.CEL,8.980991801202897,-0.6117443848210383,primary_prostate_tumor
GSM153092.CEL,3.577795183418229,2.531382135690235,primary_prostate_tumor
GSM153093.CEL,-7.7987418159344895,0.5526862354360739,primary_prostate_tumor
GSM153094.CEL,9.471613100060354,-1.5980293373265422,primary_prostate_tumor
GSM153095.CEL,5.097457142424598,-5.777414528929616,primary_prostate_tumor
GSM153096.CEL,7.271912667171714,-3.6127668546656957,primary_prostate_tumor
GSM153097.CEL,9.786894319378577,-2.2440266364655983,primary_prostate_tumor
GSM153098.CEL,3.4379663423238824,-4.558733916349551,primary_prostate_tumor
GSM153099.CEL,-4.078220389092372,-2.0697112178128307,primary_prostate_tumor
GSM153100.CEL,1.1031466531114102,-1.9842867428953022,primary_prostate_tumor
GSM153101.CEL,5.956957393120925,-1.3322002118619285,primary_prostate_tumor
GSM153102.CEL,7.760534001800331,0.910122167944853,primary_prostate_tumor
GSM153103.CEL,12.243780720596114,-1.0116203333597333,primary_prostate_tumor
GSM153104.CEL,-8.49548158684794,-2.9644327733415574,primary_prostate_tumor
GSM153106.CEL,6.231180488760317,1.4653388482043601,primary_prostate_tumor
GSM153107.CEL,8.75272754535619,0.849636228237051,primary_prostate_tumor
GSM153108.CEL,0.4027326906787839,-3.534298518657979,primary_prostate_tumor
GSM153109.CEL,13.703053342388706,-1.431576722359779,primary_prostate_tumor
GSM153110.CEL,11.084354498553086,-3.2654487412470896,primary_prostate_tumor
GSM153111.CEL,10.86348331483413,-2.155496127341762,primary_prostate_tumor
GSM153112.CEL,3.171615616349269,-2.8749244566448335,primary_prostate_tumor
GSM153113.CEL,10.998147478235252,-2.2038254497052066,primary_prostate_tumor
GSM153114.CEL,-5.644100791244951,4.720947214824463,primary_prostate_tumor
GSM187533.CEL,21.88953917801056,8.57263861704019,primary_prostate_tumor
GSM187534.CEL,16.110911842856826,0.33913760631490875,primary_prostate_tumor
GSM187535.CEL,10.192968472174769,-0.6405457521724703,primary_prostate_tumor
GSM153238.CEL,9.284802086358162,-4.380527728728535,normal
GSM153239.CEL,-10.59982204390618,1.9842227170159656,normal
GSM153240.CEL,-9.128062111377204,3.4371266999803365,normal
GSM153241.CEL,-0.0443634344986613,3.5370190232363603,normal
GSM153242.CEL,-6.051186851475135,9.628062927117572,normal
GSM153243.CEL,5.3928919933375665,0.8487249515500863,normal
GSM153244.CEL,-4.695243842885898,3.0490834075269277,normal
GSM153245.CEL,-11.605085924916938,1.6875847382222473,normal
GSM153247.CEL,3.1608945656594614,-4.302594347792512,normal
GSM153248.CEL,4.954728415972712,-4.466416845011028,normal
GSM153249.CEL,-6.578491210120517,1.0410025631034625,normal
GSM153250.CEL,-2.45760737240839,-3.4150050740872753,normal
GSM153251.CEL,-2.708902668397959,6.50389401278653,normal
GSM153252.CEL,-6.556712209799097,-2.7417929923501942,normal
GSM153253.CEL,-16.50130366675751,0.2802254861175006,normal
GSM153254.CEL,0.7433155527233896,5.116012933666677,normal
GSM153255.CEL,-13.13254925287563,-2.169833384144267,normal
GSM153256.CEL,-5.6182471339946565,-2.216304390470791,normal
GSM153257.CEL,-10.980560642157931,-3.754172657088534,normal
GSM153258.CEL,3.794027357781459,1.7575383960506878,normal
GSM153259.CEL,8.166998453130448,-0.6853959127288878,normal
GSM153260.CEL,7.789402912105099,4.702728046574704,normal
GSM153261.CEL,4.669502312638503,8.015185948567565,normal
GSM153262.CEL,-9.663184717931008,2.8993965539064273,normal
GSM153263.CEL,-1.3774678271875527,-2.6293647234001702,normal
GSM153264.CEL,0.963212629484335,-2.3958218328332364,normal
GSM153265.CEL,-10.896999459946327,2.257521930426025,normal
GSM153266.CEL,1.9202177602100867,1.3072877093137767,normal
GSM153267.CEL,-1.6464668349064435,0.2711455932184539,normal
GSM153268.CEL,-17.664116177794984,5.127751519939079,normal
GSM153269.CEL,-4.6280846376203195,1.7215890926711055,normal
GSM153270.CEL,0.8048941656648155,4.065033865895801,normal
GSM153271.CEL,-3.6063036380289653,-4.399536790242871,normal
GSM153272.CEL,-9.263424992178583,-3.0312028983138575,normal
GSM153273.CEL,4.709475746959847,-3.859107905254848,normal
GSM153274.CEL,-2.232979874883643,2.3787023565378056,normal
GSM153275.CEL,-5.628490864334986,0.7480806088475787,normal
GSM153276.CEL,-7.2753640385466225,0.734645343923934,normal
GSM153277.CEL,-5.237059371156157,3.591589241997509,normal
GSM153278.CEL,0.7740769828233813,4.633188289052872,normal
GSM153279.CEL,-6.004931543433349,2.3670696328257437,normal
GSM153280.CEL,-8.360678380634267,3.5032751343300865,normal
GSM153281.CEL,-11.831047261122972,1.6738659169575432,normal
GSM153282.CEL,-13.88774722672156,2.5870669199411505,normal
GSM153283.CEL,0.6100127265278631,-2.550759598089504,normal
GSM153284.CEL,-7.186126708494891,-0.9752437319526068,normal
GSM153285.CEL,-13.176983780894057,-2.2949420126085958,normal
GSM153286.CEL,-6.913595482042704,-1.6737609142445176,normal
GSM153288.CEL,-8.964818583042694,-1.1342641084965353,normal
GSM153289.CEL,-2.961321658620909,-1.3154149096080676,normal
GSM153290.CEL,-10.724883548584645,1.517798656910444,normal
GSM153291.CEL,-10.744560246241951,-2.967317877723841,normal
GSM153292.CEL,-11.763691749379767,-1.2165370621428488,normal
GSM153293.CEL,-5.792984927804328,-4.948499534993898,normal
GSM153294.CEL,3.760051464649564,-9.083642530548545,normal
GSM153295.CEL,-15.49461172716192,-7.9067181786623655,normal
