,PC 1 (0.09211558371186036),PC 2 (0.07364844850920847),type
GSM153054.CEL,9.640622396069054,-28.085162084405074,primary_prostate_tumor
GSM153055.CEL,-2.1493435448240303,3.6473117429177946,primary_prostate_tumor
GSM153056.CEL,39.67454901510516,-3.4612591673166366,primary_prostate_tumor
GSM153057.CEL,1.0435199813082034,24.46583754830908,primary_prostate_tumor
GSM153058.CEL,19.004668828679595,29.683224290119256,primary_prostate_tumor
GSM153059.CEL,31.232426647507882,40.12428106668616,primary_prostate_tumor
GSM153061.CEL,-15.549927448265407,23.813322950716458,primary_prostate_tumor
GSM153063.CEL,-27.44085519086856,9.365440895864461,primary_prostate_tumor
GSM153064.CEL,-31.53221515649184,-0.5990523993715791,primary_prostate_tumor
GSM153066.CEL,72.57632014559887,-34.679009582968895,primary_prostate_tumor
GSM153067.CEL,-17.5283296698595,-21.067238175158625,primary_prostate_tumor
GSM153068.CEL,25.131246987492645,29.36604073743752,primary_prostate_tumor
GSM153069.CEL,-23.08571794315826,-6.506579032529306,primary_prostate_tumor
GSM153070.CEL,4.455446233101314,4.688180054011949,primary_prostate_tumor
GSM153072.CEL,-16.9948043050744,-28.265056297206954,primary_prostate_tumor
GSM153073.CEL,-37.134247281849525,-13.097972199009504,primary_prostate_tumor
GSM153074.CEL,14.702710033321944,-2.526751321034828,primary_prostate_tumor
GSM153075.CEL,10.459813812443965,17.139851703290518,primary_prostate_tumor
GSM153076.CEL,-9.842653690271142,-34.69999165130432,primary_prostate_tumor
GSM153077.CEL,13.19464031023737,-20.05410617772715,primary_prostate_tumor
GSM153078.CEL,32.609433526672056,22.69908088341752,primary_prostate_tumor
GSM153079.CEL,18.49536339116331,4.65688477722346,primary_prostate_tumor
GSM153080.CEL,3.9105608899362685,-3.531751485445188,primary_prostate_tumor
GSM153081.CEL,34.646438542884255,-5.775515655930176,primary_prostate_tumor
GSM153082.CEL,-2.922553383847099,-13.798217768860278,primary_prostate_tumor
GSM153083.CEL,21.71950457729524,4.306477140131389,primary_prostate_tumor
GSM153084.CEL,16.47393671072551,15.913369872363756,primary_prostate_tumor
GSM153085.CEL,16.72292701594585,7.211549282666322,primary_prostate_tumor
GSM153086.CEL,-1.3400321549687046,-1.6714717011549376,primary_prostate_tumor
GSM153087.CEL,-1.8404132662065729,-2.7326843980386974,primary_prostate_tumor
GSM153088.CEL,10.965111185753344,-35.04854555488397,primary_prostate_tumor
GSM153089.CEL,28.91279512182024,4.7725490065093625,primary_prostate_tumor
GSM153090.CEL,-7.28334759292131,-0.4224714449654923,primary_prostate_tumor
GSM153091.CEL,-0.13148487270243023,8.925476410277273,primary_prostate_tumor
GSM153092.CEL,7.635140627575905,13.098693823726562,primary_prostate_tumor
GSM153093.CEL,-16.583018803898348,6.123460481031113,primary_prostate_tumor
GSM153094.CEL,3.8968630870208507,2.862677261642299,primary_prostate_tumor
GSM153095.CEL,-3.6514161921446013,-28.002122654613732,primary_prostate_tumor
GSM153096.CEL,8.994445124911328,-17.129615639329266,primary_prostate_tumor
GSM153097.CEL,9.790290873654882,-5.343775390750669,primary_prostate_tumor
GSM153098.CEL,-7.891345333478201,-20.17958527467095,primary_prostate_tumor
GSM153099.CEL,-5.974645420524686,-13.596079755914534,primary_prostate_tumor
GSM153100.CEL,-3.794006929759291,-4.533209239129719,primary_prostate_tumor
GSM153101.CEL,4.717091845275066,-5.7493693682277,primary_prostate_tumor
GSM153102.CEL,-3.184364556130365,17.284227921223565,primary_prostate_tumor
GSM153103.CEL,3.0510468253450473,2.138292617189684,primary_prostate_tumor
GSM153104.CEL,-38.05639959906507,-0.8541902051285917,primary_prostate_tumor
GSM153106.CEL,-8.130246866161302,22.989945948628446,primary_prostate_tumor
GSM153107.CEL,13.613997592820263,0.7297086851027517,primary_prostate_tumor
GSM153108.CEL,-33.045225862082596,7.045382696205822,primary_prostate_tumor
GSM153109.CEL,-9.372098652388562,11.269417942217094,primary_prostate_tumor
GSM153110.CEL,9.814223990743562,-12.029555846019893,primary_prostate_tumor
GSM153111.CEL,14.186734811092704,-16.221163410192087,primary_prostate_tumor
GSM153112.CEL,-10.091934773364642,-6.967246143624252,primary_prostate_tumor
GSM153113.CEL,-6.554615369744841,-5.7630964280618695,primary_prostate_tumor
GSM153114.CEL,9.993223041077654,15.658252798814067,primary_prostate_tumor
GSM187533.CEL,53.49463182003804,20.82878064206965,primary_prostate_tumor
GSM187534.CEL,15.36433779068883,-4.430430678850739,primary_prostate_tumor
GSM187535.CEL,11.496452366272079,-17.705132612506993,primary_prostate_tumor
GSM153238.CEL,28.184256264355177,-30.6398761329121,normal
GSM153239.CEL,-16.333845643082537,23.19264211792893,normal
GSM153240.CEL,0.7875152925983581,10.096835900202098,normal
GSM153241.CEL,33.364328347323365,-0.998870642529509,normal
GSM153242.CEL,-17.806882529424083,71.32171363499373,normal
GSM153243.CEL,-49.06817065573617,52.7855674807004,normal
GSM153244.CEL,-3.0195114740854603,25.18502143244554,normal
GSM153245.CEL,1.467508738559673,-4.89253391746642,normal
GSM153247.CEL,13.049454475808073,-36.83664631515519,normal
GSM153248.CEL,5.485843979304151,-29.215167726776016,normal
GSM153249.CEL,10.812018811629255,-9.2714633255788,normal
GSM153250.CEL,-9.193610264727017,-21.836439502893363,normal
GSM153251.CEL,14.157832137342835,26.710387707758585,normal
GSM153252.CEL,-7.076162469945241,-17.578254364914752,normal
GSM153253.CEL,-15.357686519726657,-1.5085037988993262,normal
GSM153254.CEL,33.25296768959218,13.198762162776173,normal
GSM153255.CEL,-45.332015924427544,12.406361581069978,normal
GSM153256.CEL,-4.75736131443357,-10.84918065549995,normal
GSM153257.CEL,-16.53504008423526,-22.527305886239784,normal
GSM153258.CEL,21.200130730428434,1.370626518309439,normal
GSM153259.CEL,27.884345556420968,-9.159972504068195,normal
GSM153260.CEL,28.954278448430834,17.90998220116471,normal
GSM153261.CEL,46.39312689877024,23.37974770813748,normal
GSM153262.CEL,13.35620823587656,2.2979239500146336,normal
GSM153263.CEL,3.5614174955963023,-18.30164599461115,normal
GSM153264.CEL,-3.8911671807192585,-11.074453069727936,normal
GSM153265.CEL,1.7392171811343604,2.763475059288957,normal
GSM153266.CEL,13.260435020527408,-2.0017970547885358,normal
GSM153267.CEL,-1.0636109101776654,-1.0865585337373034,normal
GSM153268.CEL,-5.228130258740523,21.311226074290843,normal
GSM153269.CEL,4.419022036458563,0.7704104601630865,normal
GSM153270.CEL,23.2572760834293,2.5299042007217074,normal
GSM153271.CEL,-10.047540013326984,-24.859433295081047,normal
GSM153272.CEL,-17.809024651118452,-16.0381190242208,normal
GSM153273.CEL,-3.5410085876106887,-14.24631069087536,normal
GSM153274.CEL,6.407176471779466,2.9678296212899413,normal
GSM153275.CEL,-8.403917107357998,6.406645470700104,normal
GSM153276.CEL,-24.639006132584704,16.68820942653952,normal
GSM153277.CEL,-3.2977209252625763,21.55495303300856,normal
GSM153278.CEL,8.833001467850949,24.71340739489437,normal
GSM153279.CEL,-15.200842434361281,18.39627050207203,normal
GSM153280.CEL,-0.6436218685300238,14.468060064346961,normal
GSM153281.CEL,3.1124250018791138,-3.1914036362720335,normal
GSM153282.CEL,-17.790197976650227,15.61879450000485,normal
GSM153283.CEL,-10.20738413901974,-11.437539875207415,normal
GSM153284.CEL,-5.236875385758773,-8.138384859025958,normal
GSM153285.CEL,-18.880646177796798,-7.520543021829928,normal
GSM153286.CEL,-16.11846867978375,-4.105819601216707,normal
GSM153288.CEL,-23.396373319916616,0.46426406821276683,normal
GSM153289.CEL,-11.147568912400265,-1.3901172344018775,normal
GSM153290.CEL,-50.033816051046834,35.332795690941666,normal
GSM153291.CEL,-45.4242803102871,4.5601122169104125,normal
GSM153292.CEL,-15.09915359367529,-13.228191982880988,normal
GSM153293.CEL,-25.92882946799579,-14.501020893884395,normal
GSM153294.CEL,-23.192093169800657,-41.364483183779555,normal
GSM153295.CEL,-52.75349352087703,-36.882203889873864,normal
