,wt-SNE 1,wt-SNE 2,type
GSM153054.CEL,-2.4821434200358032,-3.8336490087255517,primary_prostate_tumor
GSM153055.CEL,0.5240940524897947,0.5582345586494744,primary_prostate_tumor
GSM153056.CEL,-1.316795326962394,-5.270537110682595,primary_prostate_tumor
GSM153057.CEL,3.086180611075303,3.352302717278917,primary_prostate_tumor
GSM153058.CEL,3.5307026552043315,3.4358894725358717,primary_prostate_tumor
GSM153059.CEL,4.297259151749742,1.175942933166707,primary_prostate_tumor
GSM153061.CEL,0.425279909748626,4.022914041258278,primary_prostate_tumor
GSM153063.CEL,0.20526778318116476,2.4726759685708743,primary_prostate_tumor
GSM153064.CEL,-1.1582632348513366,5.482904699690525,primary_prostate_tumor
GSM153066.CEL,-0.6680460347102765,-5.278438645326885,primary_prostate_tumor
GSM153067.CEL,-2.3949883982051334,0.6647087787898718,primary_prostate_tumor
GSM153068.CEL,4.849750245267135,1.1918439973813142,primary_prostate_tumor
GSM153069.CEL,-1.5275206282997136,1.446095771768918,primary_prostate_tumor
GSM153070.CEL,3.5543286237335114,1.8530269798674388,primary_prostate_tumor
GSM153072.CEL,-4.49405882220555,-0.18322728921196782,primary_prostate_tumor
GSM153073.CEL,-4.021825059939065,0.948794040161492,primary_prostate_tumor
GSM153074.CEL,2.5617772816699302,0.05658613528195666,primary_prostate_tumor
GSM153075.CEL,3.0067386543469112,0.31534002896396457,primary_prostate_tumor
GSM153076.CEL,-2.5462148790830357,-0.810903402833999,primary_prostate_tumor
GSM153077.CEL,-1.5454489657781765,-1.5497994673840372,primary_prostate_tumor
GSM153078.CEL,4.083753063536475,-0.790043313658734,primary_prostate_tumor
GSM153079.CEL,2.5422631770816397,-1.470453693571085,primary_prostate_tumor
GSM153080.CEL,0.28631399006847874,-2.975001677223338,primary_prostate_tumor
GSM153081.CEL,0.9169284132459149,-4.441635657909839,primary_prostate_tumor
GSM153082.CEL,-2.5894657125151754,-2.22042571431229,primary_prostate_tumor
GSM153083.CEL,2.3594656936993594,-1.3900300768564808,primary_prostate_tumor
GSM153084.CEL,2.094427349290918,-3.116126691713058,primary_prostate_tumor
GSM153085.CEL,1.7835280392549637,-2.8799710019559135,primary_prostate_tumor
GSM153086.CEL,1.4635192493335205,-1.8824507695031885,primary_prostate_tumor
GSM153087.CEL,-0.1890698708602582,0.5802030628315754,primary_prostate_tumor
GSM153088.CEL,-2.1645149716830385,-1.235139569956761,primary_prostate_tumor
GSM153089.CEL,1.3560359719017414,-3.349641212889219,primary_prostate_tumor
GSM153090.CEL,0.2568373217699913,0.15769771471916202,primary_prostate_tumor
GSM153091.CEL,1.290253696616878,-1.3023129651304324,primary_prostate_tumor
GSM153092.CEL,1.5428249830990273,-0.6161627603920712,primary_prostate_tumor
GSM153093.CEL,0.19327201068584318,1.6007875065190027,primary_prostate_tumor
GSM153094.CEL,0.9245181975966147,-1.6350975169700084,primary_prostate_tumor
GSM153095.CEL,-3.0978691571657158,-1.444854813930294,primary_prostate_tumor
GSM153096.CEL,-0.07484494328814113,-1.8777696691998076,primary_prostate_tumor
GSM153097.CEL,0.7931104183898384,-1.8320576962139548,primary_prostate_tumor
GSM153098.CEL,-3.337493799315688,0.21439637037879947,primary_prostate_tumor
GSM153099.CEL,-0.8569619024762499,-0.1786283303697384,primary_prostate_tumor
GSM153100.CEL,-0.18985410564652574,-0.8248894424340862,primary_prostate_tumor
GSM153101.CEL,-0.15304522033481754,-1.3231703094545286,primary_prostate_tumor
GSM153102.CEL,-3.2926263655605634,4.529412908602411,primary_prostate_tumor
GSM153103.CEL,0.9897457439714699,-2.2330520518878547,primary_prostate_tumor
GSM153104.CEL,-1.6671662059154027,3.282282613149917,primary_prostate_tumor
GSM153106.CEL,-3.0150642680384654,4.367813226154436,primary_prostate_tumor
GSM153107.CEL,2.6880716499092463,-2.401044826928195,primary_prostate_tumor
GSM153108.CEL,-1.8429770171943587,3.8721684949509116,primary_prostate_tumor
GSM153109.CEL,-3.3055846970255045,4.527110567324807,primary_prostate_tumor
GSM153110.CEL,3.498796339223618,-2.3748970955665567,primary_prostate_tumor
GSM153111.CEL,0.1502561014632597,-2.2085963488983857,primary_prostate_tumor
GSM153112.CEL,-0.5005675684198464,-0.2968024798796429,primary_prostate_tumor
GSM153113.CEL,-3.7747330771333036,-1.8361928624532287,primary_prostate_tumor
GSM153114.CEL,1.8598400211230623,1.0326643267046738,primary_prostate_tumor
GSM187533.CEL,3.040974748936572,-4.07387966806434,primary_prostate_tumor
GSM187534.CEL,2.9740864960231583,-4.369446903100643,primary_prostate_tumor
GSM187535.CEL,-1.337562115621832,-2.7623954353471007,primary_prostate_tumor
GSM153238.CEL,-2.505101157659665,-4.370579604964879,normal
GSM153239.CEL,-0.3174230309608469,3.1561647279276546,normal
GSM153240.CEL,1.4241202521317606,0.5889206914065622,normal
GSM153241.CEL,-1.3146501895490896,-5.300562952416843,normal
GSM153242.CEL,2.0876173751718485,4.348289080207155,normal
GSM153243.CEL,0.07265428340227863,4.9366679341801545,normal
GSM153244.CEL,2.7713389476753703,3.4764897025607513,normal
GSM153245.CEL,-2.8405383555200285,2.415595060867907,normal
GSM153247.CEL,-3.1790525927623308,-3.364128166544627,normal
GSM153248.CEL,-2.0197741119317913,-2.0983824145530354,normal
GSM153249.CEL,3.0453926763928174,-0.03939881853288011,normal
GSM153250.CEL,-1.8268162247187263,-0.634921645894687,normal
GSM153251.CEL,3.8386267633008293,2.176167639310288,normal
GSM153252.CEL,-2.2382433336038665,0.7782639560193424,normal
GSM153253.CEL,-1.5366890114762954,1.9580135578284403,normal
GSM153254.CEL,3.9216266969579685,0.4735408665586208,normal
GSM153255.CEL,-0.872093178669607,3.938160436068947,normal
GSM153256.CEL,-1.406381396962917,0.19569868996604942,normal
GSM153257.CEL,-2.7910768411780875,0.8096570928854635,normal
GSM153258.CEL,2.2320326307513514,-0.4454154937842442,normal
GSM153259.CEL,3.405728398962529,-2.122630696908233,normal
GSM153260.CEL,1.121753789771201,-4.464388865317655,normal
GSM153261.CEL,1.4672858386389294,-5.097101539322571,normal
GSM153262.CEL,-0.38376975008670894,-3.638689501981463,normal
GSM153263.CEL,-0.7406494473300655,-3.0024513918753444,normal
GSM153264.CEL,-0.7479396940019994,-0.6516889069312326,normal
GSM153265.CEL,1.3349455262765224,1.6758440217123642,normal
GSM153266.CEL,1.3402560309813984,-0.8074099314502158,normal
GSM153267.CEL,0.5503192903066633,-0.2255127521243658,normal
GSM153268.CEL,1.3018344063577953,2.674517240241612,normal
GSM153269.CEL,1.1302053967256547,0.13134912638083415,normal
GSM153270.CEL,2.086284440353707,-0.1075418582793049,normal
GSM153271.CEL,-2.091662842874386,-0.6260290239789826,normal
GSM153272.CEL,-1.8636557235987212,0.3105228421746809,normal
GSM153273.CEL,-0.9283311647330358,-1.6753203673707235,normal
GSM153274.CEL,1.2085031572481417,-0.017104483249293728,normal
GSM153275.CEL,0.9688327339734123,0.5106388350928013,normal
GSM153276.CEL,-0.03366861957211222,3.625161552364269,normal
GSM153277.CEL,1.4504929981393981,1.1579064242701755,normal
GSM153278.CEL,2.42108086307539,1.0740841951012308,normal
GSM153279.CEL,0.3916787218064887,2.2416989409992594,normal
GSM153280.CEL,1.6946805190249068,2.1671651967467227,normal
GSM153281.CEL,0.828722729516808,1.0537062764033036,normal
GSM153282.CEL,-0.6831047912658399,2.5269022419660305,normal
GSM153283.CEL,-1.1005389493619744,-0.7983587990652433,normal
GSM153284.CEL,-0.5683335553561077,0.18133277239474688,normal
GSM153285.CEL,-1.6954305309635032,1.9705302208712734,normal
GSM153286.CEL,-1.2293799855436316,0.8581212087437903,normal
GSM153288.CEL,-1.2361833135750842,1.297819940790858,normal
GSM153289.CEL,-0.9714932310420447,0.7080151318984644,normal
GSM153290.CEL,-1.1487556269585069,4.2350765197215345,normal
GSM153291.CEL,-1.3152304968608262,3.80086534439531,normal
GSM153292.CEL,-2.4109750354239057,1.7473911671076723,normal
GSM153293.CEL,-1.795408669242076,0.44921816130277614,normal
GSM153294.CEL,-3.88186568806344,-1.0185214701539884,normal
GSM153295.CEL,-4.007293802518616,1.9835704534672787,normal
