,wt-SNE 1,wt-SNE 2,type
GSM153054.CEL,-3.259570543684692,-2.621798559481913,primary_prostate_tumor
GSM153055.CEL,0.9860086033887215,-0.4218743693213933,primary_prostate_tumor
GSM153056.CEL,-1.7545282635402855,-4.202172479096005,primary_prostate_tumor
GSM153057.CEL,-4.394195633876083,2.9011359143996773,primary_prostate_tumor
GSM153058.CEL,-5.001787823465053,2.6714236017324793,primary_prostate_tumor
GSM153059.CEL,0.01893087385265363,-3.9798730605881167,primary_prostate_tumor
GSM153061.CEL,-0.12442314032563165,4.230029238528629,primary_prostate_tumor
GSM153063.CEL,0.3751149464430328,2.927426979599016,primary_prostate_tumor
GSM153064.CEL,-3.667786033617089,0.1934031955217348,primary_prostate_tumor
GSM153066.CEL,-2.369764316307248,-4.50263356680728,primary_prostate_tumor
GSM153067.CEL,-1.9350272346857091,0.9580700448013081,primary_prostate_tumor
GSM153068.CEL,0.03289904965600793,-4.544224697458415,primary_prostate_tumor
GSM153069.CEL,-1.2028251373229302,1.5253625930603272,primary_prostate_tumor
GSM153070.CEL,-1.4283111873808227,-2.4511920029063696,primary_prostate_tumor
GSM153072.CEL,1.3020283641414894,4.118071093220976,primary_prostate_tumor
GSM153073.CEL,-3.0284980398149575,1.7354288485303275,primary_prostate_tumor
GSM153074.CEL,0.3508783038397555,-2.2702154853934395,primary_prostate_tumor
GSM153075.CEL,0.5501927305447258,-2.748259635988137,primary_prostate_tumor
GSM153076.CEL,-2.1045627501874398,-0.26136589082958167,primary_prostate_tumor
GSM153077.CEL,-1.1682098649399024,-1.3465819066916356,primary_prostate_tumor
GSM153078.CEL,2.5718173738369527,-2.8749119127855756,primary_prostate_tumor
GSM153079.CEL,2.767917431365364,-1.6262058797005106,primary_prostate_tumor
GSM153080.CEL,1.3405259406241192,1.0478817426354663,primary_prostate_tumor
GSM153081.CEL,3.8028438991340088,-2.5576768765360645,primary_prostate_tumor
GSM153082.CEL,2.251090282320032,2.0502040554529186,primary_prostate_tumor
GSM153083.CEL,2.575900372782629,-1.4997028666941272,primary_prostate_tumor
GSM153084.CEL,3.7631159144437483,0.4056296666673941,primary_prostate_tumor
GSM153085.CEL,3.314415383436328,0.3603817957535008,primary_prostate_tumor
GSM153086.CEL,2.843240652697769,-0.35637200385318313,primary_prostate_tumor
GSM153087.CEL,0.24795410206970925,0.49188437870734225,primary_prostate_tumor
GSM153088.CEL,-1.830855767706171,-1.2310884027655007,primary_prostate_tumor
GSM153089.CEL,3.245448126336423,1.03834072345665,primary_prostate_tumor
GSM153090.CEL,0.4566118454281392,-0.18723744878124,primary_prostate_tumor
GSM153091.CEL,2.238217332832416,-0.6289320533686827,primary_prostate_tumor
GSM153092.CEL,1.8737242591536427,-1.2841907858935215,primary_prostate_tumor
GSM153093.CEL,0.08565235003803211,1.9066778138661884,primary_prostate_tumor
GSM153094.CEL,2.20023658539637,-0.10199619679811249,primary_prostate_tumor
GSM153095.CEL,2.5204151998236908,3.452688167373949,primary_prostate_tumor
GSM153096.CEL,1.6427814159097893,0.027738991019736484,primary_prostate_tumor
GSM153097.CEL,2.140323293636106,-0.08590779094248624,primary_prostate_tumor
GSM153098.CEL,-2.4014597367198305,1.2250465706759757,primary_prostate_tumor
GSM153099.CEL,-0.36476317694682586,0.09872436078528792,primary_prostate_tumor
GSM153100.CEL,0.9082613541575507,0.5328375672076197,primary_prostate_tumor
GSM153101.CEL,1.7398168842684223,1.4299492192826089,primary_prostate_tumor
GSM153102.CEL,2.2730615089493824,-4.428093889348718,primary_prostate_tumor
GSM153103.CEL,2.5416709199512986,0.4273337558525552,primary_prostate_tumor
GSM153104.CEL,-1.5164284020711547,3.3588444268247697,primary_prostate_tumor
GSM153106.CEL,2.1573562901458634,-4.092148314641606,primary_prostate_tumor
GSM153107.CEL,3.4675222718077183,-0.9715622815060025,primary_prostate_tumor
GSM153108.CEL,-1.409501292120942,3.712036221154628,primary_prostate_tumor
GSM153109.CEL,2.3096367486646088,-4.472439082011566,primary_prostate_tumor
GSM153110.CEL,4.173250802206947,-0.8714434159347688,primary_prostate_tumor
GSM153111.CEL,1.9675154536499546,0.16086246642429916,primary_prostate_tumor
GSM153112.CEL,-0.14901488207616648,0.5039507303284658,primary_prostate_tumor
GSM153113.CEL,3.376880690551135,2.0849538786517905,primary_prostate_tumor
GSM153114.CEL,1.5455562772860918,-2.382382850659831,primary_prostate_tumor
GSM187533.CEL,4.428938353734206,1.424038046611185,primary_prostate_tumor
GSM187534.CEL,3.935093326193053,2.0169129835968267,primary_prostate_tumor
GSM187535.CEL,-4.012110900489448,-0.8598415563449632,primary_prostate_tumor
GSM153238.CEL,-3.357694911125952,-3.0482977136062166,normal
GSM153239.CEL,-0.7850913249717275,4.8343601116936625,normal
GSM153240.CEL,0.6188151530770566,-1.3892863757933551,normal
GSM153241.CEL,-1.7606683721604606,-4.22185086731886,normal
GSM153242.CEL,-3.854988448834104,3.8300749647231527,normal
GSM153243.CEL,-2.789573948843675,4.319894292558648,normal
GSM153244.CEL,-4.113169427435887,3.0689581498102783,normal
GSM153245.CEL,-2.3218131383546683,2.4326799359777187,normal
GSM153247.CEL,-3.4480599660227687,-1.8688658638990967,normal
GSM153248.CEL,-2.536078768598304,-1.0884003250848426,normal
GSM153249.CEL,-0.2430719146417644,-2.444891670002933,normal
GSM153250.CEL,-1.6236352519219581,-0.4837274344062503,normal
GSM153251.CEL,-1.6096958730407656,-2.799739505807387,normal
GSM153252.CEL,-1.5242876977818034,0.934565282281256,normal
GSM153253.CEL,-1.2293247631940647,2.033360855773297,normal
GSM153254.CEL,-0.007241625698931726,-3.54754967377899,normal
GSM153255.CEL,-1.992781751625567,3.846696571146237,normal
GSM153256.CEL,-1.3080717422897206,0.03070521755137838,normal
GSM153257.CEL,-0.7102347479330084,1.1998704990096427,normal
GSM153258.CEL,0.9650501665627936,-2.0449630550131532,normal
GSM153259.CEL,3.9724429015604126,-1.0998920610908918,normal
GSM153260.CEL,4.373185548851684,-2.468481453142077,normal
GSM153261.CEL,3.6778345757684656,-2.94719850438254,normal
GSM153262.CEL,0.6862733764563508,1.3897693494794183,normal
GSM153263.CEL,0.32331672687197066,1.1445339257013636,normal
GSM153264.CEL,-0.256792462602518,-0.143833918249567,normal
GSM153265.CEL,-0.19679804080082638,-1.7410010909908173,normal
GSM153266.CEL,1.3242907146837273,-1.1358289075512407,normal
GSM153267.CEL,0.455744190969069,-0.42047291428739625,normal
GSM153268.CEL,1.1936959720789422,2.922892681337357,normal
GSM153269.CEL,0.5900890745477348,-1.0721343034690851,normal
GSM153270.CEL,1.058363916393044,-2.2398063023983723,normal
GSM153271.CEL,-1.843136591593868,-0.393075115472928,normal
GSM153272.CEL,-1.7121493540507982,0.3291000032893681,normal
GSM153273.CEL,-2.498998983199728,-0.4945722552791979,normal
GSM153274.CEL,0.7953918415632103,-1.0191677487560111,normal
GSM153275.CEL,0.6184072161635248,-0.83659950708763,normal
GSM153276.CEL,-0.6467825456593745,3.822288825067223,normal
GSM153277.CEL,1.51530578398065,-1.529966669773933,normal
GSM153278.CEL,2.0597361661434745,-2.118785255505227,normal
GSM153279.CEL,0.36372160842470086,2.6116309563581326,normal
GSM153280.CEL,1.5748514719667261,-3.315409296999659,normal
GSM153281.CEL,-0.06447188176202312,-1.272708422259492,normal
GSM153282.CEL,-1.0494880176836794,2.6941938934972214,normal
GSM153283.CEL,-0.7195715367168252,-0.5706064611278355,normal
GSM153284.CEL,-0.44739502052444785,0.30687504052158265,normal
GSM153285.CEL,-1.1631794758920677,2.0371053483933594,normal
GSM153286.CEL,-1.1556938962300216,0.7022230471238908,normal
GSM153288.CEL,-1.1418107426372803,1.3180859638786415,normal
GSM153289.CEL,-0.8442917201058746,0.8262566581387267,normal
GSM153290.CEL,-1.8359978669877839,4.223332525633987,normal
GSM153291.CEL,-1.6962910351242722,3.755898317052158,normal
GSM153292.CEL,-1.8724438117816862,1.7622492058385646,normal
GSM153293.CEL,-2.1575243731640517,0.4574486189683932,normal
GSM153294.CEL,-3.06312717615169,0.5491854544928628,normal
GSM153295.CEL,-3.784309586339095,1.217933168642572,normal
