,wt-SNE 1,wt-SNE 2,type
GSM153054.CEL,-3.1501119120609538,-0.9330836580082684,primary_prostate_tumor
GSM153055.CEL,0.7067443351574653,0.800449505736196,primary_prostate_tumor
GSM153056.CEL,4.095423470484346,-0.21853920363036194,primary_prostate_tumor
GSM153057.CEL,1.9207109207636504,2.2581328962712566,primary_prostate_tumor
GSM153058.CEL,2.689168086647554,0.36383773014800647,primary_prostate_tumor
GSM153059.CEL,3.0376364698907246,-1.4619162663754686,primary_prostate_tumor
GSM153061.CEL,1.8955289773687944,-5.66144139474832,primary_prostate_tumor
GSM153063.CEL,-4.566663543712746,0.9493788751224658,primary_prostate_tumor
GSM153064.CEL,-1.757082193819042,-1.8835261717250185,primary_prostate_tumor
GSM153066.CEL,2.446770056484499,-4.199297770023046,primary_prostate_tumor
GSM153067.CEL,-2.314258937895064,1.0107399531884398,primary_prostate_tumor
GSM153068.CEL,4.018207777890394,-2.102041188217519,primary_prostate_tumor
GSM153069.CEL,-1.6758545498549884,3.296312919270699,primary_prostate_tumor
GSM153070.CEL,-2.6968058530449137,0.6549609187584302,primary_prostate_tumor
GSM153072.CEL,-3.9326215250348873,-3.2030497962459674,primary_prostate_tumor
GSM153073.CEL,2.08368447400993,4.4128567741066895,primary_prostate_tumor
GSM153074.CEL,-0.11390834600882789,1.009712625038131,primary_prostate_tumor
GSM153075.CEL,0.3873413593118258,0.7307251442704852,primary_prostate_tumor
GSM153076.CEL,-1.5334771265881277,-0.5521945878566626,primary_prostate_tumor
GSM153077.CEL,-0.033235046477582256,-1.2735673712858968,primary_prostate_tumor
GSM153078.CEL,3.575246144867552,-1.4318081188289902,primary_prostate_tumor
GSM153079.CEL,-0.08297455482149071,-2.5748208248063458,primary_prostate_tumor
GSM153080.CEL,2.529912009876159,2.8821871913846584,primary_prostate_tumor
GSM153081.CEL,3.654820337449477,0.2795018321634111,primary_prostate_tumor
GSM153082.CEL,-0.7661953399407911,-3.4197989528710058,primary_prostate_tumor
GSM153083.CEL,1.0877170046092854,-2.7947330463584663,primary_prostate_tumor
GSM153084.CEL,2.1344239285165703,-1.9658070054558785,primary_prostate_tumor
GSM153085.CEL,2.1920874424666863,-2.623248678564636,primary_prostate_tumor
GSM153086.CEL,0.7009414802354067,-3.4697756840669522,primary_prostate_tumor
GSM153087.CEL,0.7454522184134806,-0.16483507993831215,primary_prostate_tumor
GSM153088.CEL,-2.2295992324501923,-0.4248380532912393,primary_prostate_tumor
GSM153089.CEL,4.238634824715125,-3.243692922581359,primary_prostate_tumor
GSM153090.CEL,-0.0899013004173445,0.40069727905527264,primary_prostate_tumor
GSM153091.CEL,0.7110570603173585,-2.689229457049017,primary_prostate_tumor
GSM153092.CEL,1.6094087324250712,0.29058107052382176,primary_prostate_tumor
GSM153093.CEL,-0.1441602995792562,2.560047152929945,primary_prostate_tumor
GSM153094.CEL,0.4856432272366937,-2.610195457810037,primary_prostate_tumor
GSM153095.CEL,-2.3683770715764116,-3.0834670647252187,primary_prostate_tumor
GSM153096.CEL,0.23835305612070956,-1.8767737101353934,primary_prostate_tumor
GSM153097.CEL,1.004823488133479,-2.4395311458126603,primary_prostate_tumor
GSM153098.CEL,-2.221012866996844,-1.5099363010059985,primary_prostate_tumor
GSM153099.CEL,-0.6824220025904084,0.2646720575539735,primary_prostate_tumor
GSM153100.CEL,-0.47777256466832946,-1.7167976874730244,primary_prostate_tumor
GSM153101.CEL,-0.7435814004037542,-3.9689286387283933,primary_prostate_tumor
GSM153102.CEL,0.6883445202811035,-5.335221480288214,primary_prostate_tumor
GSM153103.CEL,1.8865141313813913,-2.8486959841957464,primary_prostate_tumor
GSM153104.CEL,-0.9344448405558657,4.062084270649366,primary_prostate_tumor
GSM153106.CEL,0.8366016609983585,-5.281804615365853,primary_prostate_tumor
GSM153107.CEL,2.235035230050478,-3.405968677171502,primary_prostate_tumor
GSM153108.CEL,-2.74943533558465,-2.093586395514127,primary_prostate_tumor
GSM153109.CEL,0.7415536018308266,-5.325577728914317,primary_prostate_tumor
GSM153110.CEL,1.1790376718819613,-3.6039676469631874,primary_prostate_tumor
GSM153111.CEL,1.9971370122360603,-2.7285415653645617,primary_prostate_tumor
GSM153112.CEL,-1.4816155434089386,-1.779206965508242,primary_prostate_tumor
GSM153113.CEL,-0.9780253633168878,-4.11537615688829,primary_prostate_tumor
GSM153114.CEL,1.7772058231746026,1.0131488934712032,primary_prostate_tumor
GSM187533.CEL,3.0624353224082856,-3.3524472994781194,primary_prostate_tumor
GSM187534.CEL,-1.3673980310281408,-4.485443116880534,primary_prostate_tumor
GSM187535.CEL,-1.4854027197286772,-3.1102941820541634,primary_prostate_tumor
GSM153238.CEL,0.7230771049016034,-1.667003292199917,normal
GSM153239.CEL,-0.9422413421406837,5.151683280245077,normal
GSM153240.CEL,0.7778840293883384,1.9145612228805053,normal
GSM153241.CEL,4.777104612504052,-0.6222572552810904,normal
GSM153242.CEL,0.8917507721467864,4.372989627047722,normal
GSM153243.CEL,1.0029382356478953,5.3440131093856,normal
GSM153244.CEL,-3.762155976057215,2.879600032447098,normal
GSM153245.CEL,-3.099883551571976,2.2910532078283197,normal
GSM153247.CEL,-4.014747179169979,-1.38916892731357,normal
GSM153248.CEL,-1.3273216285085239,-2.3680709015807526,normal
GSM153249.CEL,-0.4673963595997033,1.3291904802658998,normal
GSM153250.CEL,-1.4078404748518143,0.33369264568473,normal
GSM153251.CEL,-3.955126778706367,3.551863195479933,normal
GSM153252.CEL,-2.0983339138176116,1.643293118266682,normal
GSM153253.CEL,-2.017420359736786,3.3080880538159882,normal
GSM153254.CEL,4.157564538317465,-0.5382124707126367,normal
GSM153255.CEL,-0.7014602365806436,3.9098205949163414,normal
GSM153256.CEL,-1.5488882155689598,1.0250578393022707,normal
GSM153257.CEL,-2.176363189179822,1.6268751544670677,normal
GSM153258.CEL,2.2331818651786506,-0.349071190356535,normal
GSM153259.CEL,1.9447607062044194,-3.415789398937246,normal
GSM153260.CEL,3.6186072599703007,1.4554905239595437,normal
GSM153261.CEL,3.9690982192567605,1.0244251631851622,normal
GSM153262.CEL,-2.838694264019699,3.8320057304134383,normal
GSM153263.CEL,-1.2030753332345874,-0.21789288905976031,normal
GSM153264.CEL,-0.16876395357595803,-0.5648590862040778,normal
GSM153265.CEL,0.8948868637174286,2.9053965636725865,normal
GSM153266.CEL,1.50989724566068,-0.479328249893717,normal
GSM153267.CEL,0.8360510681282386,0.20035901149953833,normal
GSM153268.CEL,-1.930204904595949,4.013702887006533,normal
GSM153269.CEL,0.5695341290095944,1.7351319384502322,normal
GSM153270.CEL,2.0226717605333833,-0.39398322042898287,normal
GSM153271.CEL,-1.9931116943458225,-0.163694876564715,normal
GSM153272.CEL,-1.7316666534724727,0.9965441386774425,normal
GSM153273.CEL,-0.9962493956612029,-2.1128433215690072,normal
GSM153274.CEL,1.7448638685292706,0.6953991573046738,normal
GSM153275.CEL,0.9853986313917023,1.5608013379376362,normal
GSM153276.CEL,-0.1656807182417615,3.323795154125627,normal
GSM153277.CEL,0.9251967236163852,1.3466540157771099,normal
GSM153278.CEL,2.455788312217586,1.291244801419848,normal
GSM153279.CEL,0.025110090530163266,2.402826766367143,normal
GSM153280.CEL,1.081476568151174,2.7376594890294768,normal
GSM153281.CEL,-1.7940940730992267,3.1877329725780816,normal
GSM153282.CEL,-2.119463305177223,3.569043726988231,normal
GSM153283.CEL,-0.19563140737711215,-0.585524709496208,normal
GSM153284.CEL,-1.0739385157146388,1.2970920871589,normal
GSM153285.CEL,-2.3540970074040493,2.9475475273539486,normal
GSM153286.CEL,-1.1661834074888213,1.7306800813684513,normal
GSM153288.CEL,-0.9400463740309933,2.7549473127996698,normal
GSM153289.CEL,-0.8435692039634001,-0.6972300993078449,normal
GSM153290.CEL,-0.37582292213389673,4.27828770700449,normal
GSM153291.CEL,-0.6081748111289869,3.8844878703745844,normal
GSM153292.CEL,-1.4900592196629656,2.2872126073217762,normal
GSM153293.CEL,-1.9345038129370618,0.34222347319877233,normal
GSM153294.CEL,-3.36073410000015,-0.2118831405545027,normal
GSM153295.CEL,-2.361162678316004,5.017319385018294,normal
