,PC 1 (0.12228982135578857),PC 2 (0.07184633746721729),type
GSM153054.CEL,1.427058938909785,2.425508530562064,primary_prostate_tumor
GSM153055.CEL,-0.6785652296634345,-0.4350143386382816,primary_prostate_tumor
GSM153056.CEL,0.5969977178360543,-2.8650520758948352,primary_prostate_tumor
GSM153057.CEL,0.21299118066132416,-0.8631966320281252,primary_prostate_tumor
GSM153058.CEL,1.273164460976487,-2.867771171374041,primary_prostate_tumor
GSM153059.CEL,1.8411515146406991,-2.1005422369414855,primary_prostate_tumor
GSM153061.CEL,1.9176584325711747,-0.3786856460772186,primary_prostate_tumor
GSM153063.CEL,-0.6022756653023119,0.22307919185221825,primary_prostate_tumor
GSM153064.CEL,-0.10951967201225433,2.7770598914147984,primary_prostate_tumor
GSM153066.CEL,6.921079910136186,0.9364010165884891,primary_prostate_tumor
GSM153067.CEL,-1.2749676973626833,1.2897553280913707,primary_prostate_tumor
GSM153068.CEL,1.7427390262330236,-2.4107067327804748,primary_prostate_tumor
GSM153069.CEL,-4.324682250064031,0.13758493246069045,primary_prostate_tumor
GSM153070.CEL,-0.39396150721725853,-0.19131293256531848,primary_prostate_tumor
GSM153072.CEL,1.9642921469924626,2.682476473160211,primary_prostate_tumor
GSM153073.CEL,-0.4148399576207675,3.018463148184111,primary_prostate_tumor
GSM153074.CEL,-0.5607626374985603,-1.4763197790441145,primary_prostate_tumor
GSM153075.CEL,-0.12549258911841424,-1.429902461833596,primary_prostate_tumor
GSM153076.CEL,-0.3069330589731335,2.0873026013620173,primary_prostate_tumor
GSM153077.CEL,1.3388456052718947,-0.06321677600390861,primary_prostate_tumor
GSM153078.CEL,2.3056287516848526,-2.798826327043661,primary_prostate_tumor
GSM153079.CEL,2.618240781953194,0.056388026885489925,primary_prostate_tumor
GSM153080.CEL,-0.30892615748309366,-0.4071991003035465,primary_prostate_tumor
GSM153081.CEL,1.5837538595172866,-3.5848294325747565,primary_prostate_tumor
GSM153082.CEL,1.3546879452629317,1.0638860317035161,primary_prostate_tumor
GSM153083.CEL,3.161305149174685,-0.31761273492395736,primary_prostate_tumor
GSM153084.CEL,2.518655637830941,-1.1290058730031565,primary_prostate_tumor
GSM153085.CEL,2.616374064676929,-1.0486461308906763,primary_prostate_tumor
GSM153086.CEL,2.2531520088844372,1.0638337415103054,primary_prostate_tumor
GSM153087.CEL,-0.404590202154891,-0.6473529802349007,primary_prostate_tumor
GSM153088.CEL,0.09155241520653587,0.5528653383709622,primary_prostate_tumor
GSM153089.CEL,1.725532978154499,-0.9786377166648265,primary_prostate_tumor
GSM153090.CEL,-1.235197447051454,0.46849984041177867,primary_prostate_tumor
GSM153091.CEL,1.5021567346641584,0.6674306840429234,primary_prostate_tumor
GSM153092.CEL,1.0037385986249303,-0.9410039115886348,primary_prostate_tumor
GSM153093.CEL,-2.201793483610764,-0.6123005480090035,primary_prostate_tumor
GSM153094.CEL,2.505223915886792,0.9059012752949369,primary_prostate_tumor
GSM153095.CEL,1.906804097860971,2.662765674453716,primary_prostate_tumor
GSM153096.CEL,1.661245131371536,0.7896301457562278,primary_prostate_tumor
GSM153097.CEL,2.255553189920905,0.7892593751781071,primary_prostate_tumor
GSM153098.CEL,0.7856884000672714,2.651305724899041,primary_prostate_tumor
GSM153099.CEL,-1.0413337506052387,0.402591455458985,primary_prostate_tumor
GSM153100.CEL,0.8350482444471674,0.814692963768016,primary_prostate_tumor
GSM153101.CEL,1.2168218319291995,1.1981295966811427,primary_prostate_tumor
GSM153102.CEL,2.2410012144584828,0.9262452714976974,primary_prostate_tumor
GSM153103.CEL,2.782829047493048,0.7808755105475962,primary_prostate_tumor
GSM153104.CEL,-2.1998104050791394,1.553937665263152,primary_prostate_tumor
GSM153106.CEL,1.901406688842396,-0.40486378352600827,primary_prostate_tumor
GSM153107.CEL,2.620585945538855,-0.5547580016093867,primary_prostate_tumor
GSM153108.CEL,-0.5859152666561662,1.857851755962957,primary_prostate_tumor
GSM153109.CEL,2.301402466104747,1.7220410834331938,primary_prostate_tumor
GSM153110.CEL,2.5616675343754878,2.119472999882196,primary_prostate_tumor
GSM153111.CEL,2.8218945067059793,0.07145702595566972,primary_prostate_tumor
GSM153112.CEL,0.3738729821174029,1.4198163208627883,primary_prostate_tumor
GSM153113.CEL,2.0217547447704614,2.480444212152541,primary_prostate_tumor
GSM153114.CEL,-0.5063935032636576,-1.911803509214683,primary_prostate_tumor
GSM187533.CEL,6.603309330183978,-1.578335869430078,primary_prostate_tumor
GSM187534.CEL,3.2828056492833055,2.2261755422875638,primary_prostate_tumor
GSM187535.CEL,2.683299721595591,1.3910047107688361,primary_prostate_tumor
GSM153238.CEL,2.8537949953660156,0.6956869966312074,normal
GSM153239.CEL,-3.3693341584390573,-0.5453718213479049,normal
GSM153240.CEL,-2.2502174800459156,-2.0409301520365934,normal
GSM153241.CEL,1.4300272378979926,-1.9333020094584423,normal
GSM153242.CEL,-2.694945125049196,-2.189452616812905,normal
GSM153243.CEL,-0.8489151428587943,2.6268226739578076,normal
GSM153244.CEL,-1.4389003006066237,-1.2698240631395956,normal
GSM153245.CEL,-2.3491804630952364,-1.4924935964271484,normal
GSM153247.CEL,1.4721056054112096,1.2572040497989418,normal
GSM153248.CEL,1.0520982073358691,1.502464417601738,normal
GSM153249.CEL,-1.4433724921379232,-0.620084978664659,normal
GSM153250.CEL,-0.9090898370190471,1.2123952299172676,normal
GSM153251.CEL,-1.5138363967829453,-2.3733288686099008,normal
GSM153252.CEL,-1.6884666602330254,0.9733912621554214,normal
GSM153253.CEL,-3.52191765196665,-0.2557997736248673,normal
GSM153254.CEL,1.2570185667425877,-2.9697437287840347,normal
GSM153255.CEL,-4.213289215974922,0.7433381522990686,normal
GSM153256.CEL,-1.5605871560817586,0.4452467826166638,normal
GSM153257.CEL,-2.1879039346473523,0.9915725046648467,normal
GSM153258.CEL,0.8597317290952223,-1.6276407276281506,normal
GSM153259.CEL,3.1219169943166114,-0.04123241726540076,normal
GSM153260.CEL,1.1879780759820904,-3.5842811653026003,normal
GSM153261.CEL,2.699820184049621,-3.9113785308007403,normal
GSM153262.CEL,-2.264632745528477,-2.159923520851071,normal
GSM153263.CEL,-0.3867766125731163,-0.02270960630997794,normal
GSM153264.CEL,0.18875259244024764,0.901031801356335,normal
GSM153265.CEL,-2.44496350342967,-1.2397564763775317,normal
GSM153266.CEL,0.8319320253133274,-1.0738104265509008,normal
GSM153267.CEL,-0.550510309538637,-0.5751934220276276,normal
GSM153268.CEL,-3.8433258631924243,-3.050774674260418,normal
GSM153269.CEL,-1.2711888920740608,-1.5761009289192995,normal
GSM153270.CEL,1.1280244615563337,-1.9644732130615248,normal
GSM153271.CEL,-1.0531671054589014,1.8342052608990123,normal
GSM153272.CEL,-2.475570916807831,1.1793202182868678,normal
GSM153273.CEL,0.7637033525448451,1.7900964825665548,normal
GSM153274.CEL,-0.11053922250601037,-1.5435575307939267,normal
GSM153275.CEL,-1.399615557944717,-0.7194444040907388,normal
GSM153276.CEL,-2.951759475695429,-0.5126515930383791,normal
GSM153277.CEL,-1.5071579657566558,-0.815323914352857,normal
GSM153278.CEL,0.03866714586333685,-2.301275006868764,normal
GSM153279.CEL,-1.7349278905267722,-0.4690612116865637,normal
GSM153280.CEL,-1.4277369234029134,-1.6675353708998124,normal
GSM153281.CEL,-2.7500218734175137,-1.9233800491865685,normal
GSM153282.CEL,-3.605078719563481,-1.0533647065047116,normal
GSM153283.CEL,-0.20462098440592857,1.1529428717464005,normal
GSM153284.CEL,-1.6511073554355664,-0.095029106741506,normal
GSM153285.CEL,-3.3998349365722285,0.4452505726765983,normal
GSM153286.CEL,-1.8716681452111812,1.2566434990991968,normal
GSM153288.CEL,-2.690885412223311,1.2042092929087427,normal
GSM153289.CEL,-0.012932047781288104,0.6979176637857469,normal
GSM153290.CEL,-4.032327748897649,-0.0012441560305223801,normal
GSM153291.CEL,-3.9478296699025406,1.2660113832843227,normal
GSM153292.CEL,-2.1804283157073256,0.302835598986819,normal
GSM153293.CEL,-1.8638457428203548,2.2695627385278923,normal
GSM153294.CEL,-0.2942798932846259,4.931262928905241,normal
GSM153295.CEL,-5.025893351399041,3.7228250012763224,normal
