,PC 1 (0.11850221415020759),PC 2 (0.07280884884449801),type
GSM153054.CEL,5.834480780335187,-8.541804286738994,primary_prostate_tumor
GSM153055.CEL,-1.3645710126115935,1.360726941285979,primary_prostate_tumor
GSM153056.CEL,3.5361642347871576,3.429290720471644,primary_prostate_tumor
GSM153057.CEL,-0.0510928393835644,5.8159504755645814,primary_prostate_tumor
GSM153058.CEL,2.4754671279662004,8.662465835225575,primary_prostate_tumor
GSM153059.CEL,6.6262498497835685,11.012029134513444,primary_prostate_tumor
GSM153061.CEL,1.2440159976100402,2.0475977130126237,primary_prostate_tumor
GSM153063.CEL,-4.364890666304342,-0.2865708353646238,primary_prostate_tumor
GSM153064.CEL,-1.6470763025870616,-4.121643467142729,primary_prostate_tumor
GSM153066.CEL,20.920237995364758,-5.398184090345089,primary_prostate_tumor
GSM153067.CEL,-4.799845554123131,-5.887334743037741,primary_prostate_tumor
GSM153068.CEL,6.06732733400365,7.756425817867242,primary_prostate_tumor
GSM153069.CEL,-11.663348725872297,-1.2391910532844972,primary_prostate_tumor
GSM153070.CEL,0.17435836149368755,1.1667137647833634,primary_prostate_tumor
GSM153072.CEL,2.9369431738469562,-9.601615789685493,primary_prostate_tumor
GSM153073.CEL,-4.241131923188061,-7.413283409290787,primary_prostate_tumor
GSM153074.CEL,-0.6912447301813763,2.237036899766015,primary_prostate_tumor
GSM153075.CEL,-0.13679242804543354,5.406353778036593,primary_prostate_tumor
GSM153076.CEL,-1.3232103978107026,-9.173479012788306,primary_prostate_tumor
GSM153077.CEL,4.482255232563523,-3.8246309173949737,primary_prostate_tumor
GSM153078.CEL,6.941057727166397,7.845010958359134,primary_prostate_tumor
GSM153079.CEL,7.457886435297018,1.0110188800068238,primary_prostate_tumor
GSM153080.CEL,0.23965825373084268,-0.7351563873278014,primary_prostate_tumor
GSM153081.CEL,6.888153873211711,2.109339587856524,primary_prostate_tumor
GSM153082.CEL,3.472208708021006,-3.5452999191927312,primary_prostate_tumor
GSM153083.CEL,10.104057935763983,1.4679522841328552,primary_prostate_tumor
GSM153084.CEL,8.331491660594736,3.8733296894375258,primary_prostate_tumor
GSM153085.CEL,6.3263040957181556,2.6575099024110282,primary_prostate_tumor
GSM153086.CEL,6.584144075108934,-1.81019957918869,primary_prostate_tumor
GSM153087.CEL,-2.74501798579157,0.46610190541583024,primary_prostate_tumor
GSM153088.CEL,1.4722124140864898,-6.51484999338071,primary_prostate_tumor
GSM153089.CEL,5.075273339181919,2.981951891792259,primary_prostate_tumor
GSM153090.CEL,-3.089616396323905,-0.29857745505003647,primary_prostate_tumor
GSM153091.CEL,4.4665800409345575,0.4222476833430096,primary_prostate_tumor
GSM153092.CEL,2.751001713697536,3.6909485396808406,primary_prostate_tumor
GSM153093.CEL,-6.367836446925305,1.989854535723072,primary_prostate_tumor
GSM153094.CEL,5.757803539523171,-0.9123668071912325,primary_prostate_tumor
GSM153095.CEL,2.5786436008247113,-8.976200156804495,primary_prostate_tumor
GSM153096.CEL,5.300802104602429,-4.361419960075765,primary_prostate_tumor
GSM153097.CEL,6.664107500210961,-2.059813695224823,primary_prostate_tumor
GSM153098.CEL,1.2007047472692118,-6.14501252077813,primary_prostate_tumor
GSM153099.CEL,-2.857465684156273,-3.1197222441595454,primary_prostate_tumor
GSM153100.CEL,0.8010486948055535,-2.0566374372093947,primary_prostate_tumor
GSM153101.CEL,3.663590537817775,-1.9641535781522592,primary_prostate_tumor
GSM153102.CEL,4.082539565170935,1.918425030314667,primary_prostate_tumor
GSM153103.CEL,6.817369133472084,-1.4419676749446302,primary_prostate_tumor
GSM153104.CEL,-8.853890671570666,-3.344849073939616,primary_prostate_tumor
GSM153106.CEL,2.338775630569581,3.74285091057577,primary_prostate_tumor
GSM153107.CEL,6.396824410660537,1.0040385942936563,primary_prostate_tumor
GSM153108.CEL,-3.8770877529322743,-1.8029682934632942,primary_prostate_tumor
GSM153109.CEL,5.887201129674808,-0.16015960456095107,primary_prostate_tumor
GSM153110.CEL,7.28695671760434,-4.138773981893804,primary_prostate_tumor
GSM153111.CEL,8.130073331464846,-3.5176050734423954,primary_prostate_tumor
GSM153112.CEL,0.6372670058132809,-2.9267036599227114,primary_prostate_tumor
GSM153113.CEL,5.647997405016355,-3.672515699119084,primary_prostate_tumor
GSM153114.CEL,-2.223805733266021,6.266163339114973,primary_prostate_tumor
GSM187533.CEL,18.106844430212114,7.740578505661311,primary_prostate_tumor
GSM187534.CEL,10.15874923115954,-2.0590922690002986,primary_prostate_tumor
GSM187535.CEL,7.678643594742059,-3.714320869570901,primary_prostate_tumor
GSM153238.CEL,8.908656328702811,-7.08573788623674,normal
GSM153239.CEL,-9.230193661433443,4.173336847954142,normal
GSM153240.CEL,-5.119633220555926,4.6367003450917625,normal
GSM153241.CEL,3.972926912220351,2.9861326642179553,normal
GSM153242.CEL,-7.277217436913191,15.366454552384466,normal
GSM153243.CEL,-4.7805725497877285,5.227245436972973,normal
GSM153244.CEL,-3.5998339808751485,6.2164191369244595,normal
GSM153245.CEL,-6.174718030682302,0.8437135180764566,normal
GSM153247.CEL,4.078089984707752,-8.509470364047655,normal
GSM153248.CEL,4.199894456174142,-7.273783124966872,normal
GSM153249.CEL,-2.193130108155622,0.535720071301011,normal
GSM153250.CEL,-1.9886825983571825,-5.287365772711768,normal
GSM153251.CEL,-1.3307374239262855,7.5325640540552925,normal
GSM153252.CEL,-4.0492305318738095,-4.199569906871191,normal
GSM153253.CEL,-10.63972651027634,0.5084638010435584,normal
GSM153254.CEL,4.46938826342959,6.399100797090876,normal
GSM153255.CEL,-13.081938452781854,0.024305549684862742,normal
GSM153256.CEL,-3.3385319170969394,-2.5882884923584975,normal
GSM153257.CEL,-7.01371555028983,-4.9067339889712835,normal
GSM153258.CEL,4.477933316966636,2.3386494423050332,normal
GSM153259.CEL,8.049024388807346,-0.647111872005075,normal
GSM153260.CEL,7.072217284499155,6.35647360264216,normal
GSM153261.CEL,8.208570339484929,9.02198998941049,normal
GSM153262.CEL,-4.087198026632442,3.257955031427808,normal
GSM153263.CEL,0.16623027642996238,-3.9710279047113963,normal
GSM153264.CEL,0.3571375404953969,-3.2452344610228714,normal
GSM153265.CEL,-6.036219160747535,3.157203613661955,normal
GSM153266.CEL,2.9673589203970647,1.1774214216303667,normal
GSM153267.CEL,-0.57066907096778,1.0084127631969213,normal
GSM153268.CEL,-10.814416843551374,7.741760975592601,normal
GSM153269.CEL,-1.7291347981810286,2.3646727237697025,normal
GSM153270.CEL,3.5843716410945174,3.941491208825286,normal
GSM153271.CEL,-2.6916839557919614,-6.487465758292553,normal
GSM153272.CEL,-6.714533053376245,-4.227073865874662,normal
GSM153273.CEL,2.331348569712947,-4.711001903663624,normal
GSM153274.CEL,-0.1896155934900517,2.764719380153163,normal
GSM153275.CEL,-4.200574819805299,1.9621560608602335,normal
GSM153276.CEL,-7.627414932001129,2.8265646973703733,normal
GSM153277.CEL,-3.655353926220568,5.445563529325427,normal
GSM153278.CEL,0.8357796285384829,6.710298798835251,normal
GSM153279.CEL,-5.089276810549095,3.947607158046973,normal
GSM153280.CEL,-4.874989126318387,4.889591376013514,normal
GSM153281.CEL,-6.254795952737205,1.8468711615542,normal
GSM153282.CEL,-10.386034867722387,3.5895744540003722,normal
GSM153283.CEL,-0.6167952481333681,-3.4754796109825787,normal
GSM153284.CEL,-4.461175112422284,-1.1343607336067776,normal
GSM153285.CEL,-8.941917518666092,-2.043393762431452,normal
GSM153286.CEL,-5.458351262872124,-1.9505450102082995,normal
GSM153288.CEL,-7.756852907420207,-0.8627687066239318,normal
GSM153289.CEL,-2.4185893377581773,-1.2139963283042878,normal
GSM153290.CEL,-13.010567541027193,4.991474733003434,normal
GSM153291.CEL,-11.725143694015546,-1.607203759212568,normal
GSM153292.CEL,-7.356241713870781,-1.981930729239333,normal
GSM153293.CEL,-6.074564364924613,-5.163409134388507,normal
GSM153294.CEL,-0.04713261875419328,-12.834379114064852,normal
GSM153295.CEL,-14.317371040507146,-11.699086485606108,normal
