,wt-SNE 1,wt-SNE 2,type
GSM153054.CEL,2.555689588077972,-3.6733736138753703,primary_prostate_tumor
GSM153055.CEL,0.05955823502441285,1.0581253719790138,primary_prostate_tumor
GSM153056.CEL,-1.3448864436445183,-4.476458155474332,primary_prostate_tumor
GSM153057.CEL,-3.9446742853613848,-2.4871658194277697,primary_prostate_tumor
GSM153058.CEL,-4.263293942095296,-2.973005622769609,primary_prostate_tumor
GSM153059.CEL,-3.263334204155285,-3.3432573812692836,primary_prostate_tumor
GSM153061.CEL,0.8810218895810407,-5.226060990168313,primary_prostate_tumor
GSM153063.CEL,-3.148905520029673,-0.7254174276549561,primary_prostate_tumor
GSM153064.CEL,-0.8524300336904898,-2.7005228372704693,primary_prostate_tumor
GSM153066.CEL,5.57668322559422,-0.8980164371950856,primary_prostate_tumor
GSM153067.CEL,-1.929555601475573,-0.6455502418764519,primary_prostate_tumor
GSM153068.CEL,-3.204785496232052,-3.8835312774457873,primary_prostate_tumor
GSM153069.CEL,-2.9095331443577486,1.588042654017103,primary_prostate_tumor
GSM153070.CEL,-1.8887946864590759,-1.607611857279184,primary_prostate_tumor
GSM153072.CEL,0.6860940744022668,-3.3779717292050653,primary_prostate_tumor
GSM153073.CEL,-1.4525611609814666,-2.0912621240875833,primary_prostate_tumor
GSM153074.CEL,-0.09306210480963883,2.2280222242906005,primary_prostate_tumor
GSM153075.CEL,0.14506188500021647,2.3885150774044646,primary_prostate_tumor
GSM153076.CEL,0.05668056356708952,-1.727269957121165,primary_prostate_tumor
GSM153077.CEL,0.6243430663684046,-1.0282155338327303,primary_prostate_tumor
GSM153078.CEL,1.594598672766235,4.185086655612502,primary_prostate_tumor
GSM153079.CEL,3.542729144168808,0.8167057309175252,primary_prostate_tumor
GSM153080.CEL,1.1349422136546556,0.3772649457641934,primary_prostate_tumor
GSM153081.CEL,2.20087192511379,2.5927265284281673,primary_prostate_tumor
GSM153082.CEL,2.402042823157389,-1.8406719820569128,primary_prostate_tumor
GSM153083.CEL,3.487720860177654,0.42769718482657965,primary_prostate_tumor
GSM153084.CEL,4.253949315224078,-0.9018039961249588,primary_prostate_tumor
GSM153085.CEL,2.9733962739547537,0.3352436743143342,primary_prostate_tumor
GSM153086.CEL,3.9427566021767606,-0.2121156672211652,primary_prostate_tumor
GSM153087.CEL,-0.6664656843424827,0.802394201277497,primary_prostate_tumor
GSM153088.CEL,-0.13898639057438691,-1.509078981714486,primary_prostate_tumor
GSM153089.CEL,2.456974553745895,1.3097228564477936,primary_prostate_tumor
GSM153090.CEL,-0.3688233209113834,0.7147740580387908,primary_prostate_tumor
GSM153091.CEL,2.8870102509797646,-0.07345573463093999,primary_prostate_tumor
GSM153092.CEL,2.1319415910990283,0.6637241887169881,primary_prostate_tumor
GSM153093.CEL,-1.7243101673278414,1.3332807610881936,primary_prostate_tumor
GSM153094.CEL,2.9809839741016924,-0.40216258416792205,primary_prostate_tumor
GSM153095.CEL,0.9927064692798346,-2.1672967106990715,primary_prostate_tumor
GSM153096.CEL,2.7005239160397188,-0.9387945688566115,primary_prostate_tumor
GSM153097.CEL,3.192767124622427,-0.5233169208851258,primary_prostate_tumor
GSM153098.CEL,0.15929029603435385,-2.757380269671846,primary_prostate_tumor
GSM153099.CEL,-0.5389770904764648,0.039113710269991955,primary_prostate_tumor
GSM153100.CEL,1.7387651158496178,-0.8418060106105143,primary_prostate_tumor
GSM153101.CEL,2.7911423476428636,-1.8398063214736928,primary_prostate_tumor
GSM153102.CEL,4.782125896301441,2.227175428870549,primary_prostate_tumor
GSM153103.CEL,3.484876580206068,-0.2775193544690585,primary_prostate_tumor
GSM153104.CEL,-4.384331154210424,1.1433254442722993,primary_prostate_tumor
GSM153106.CEL,4.601270375948781,2.076241637197918,primary_prostate_tumor
GSM153107.CEL,4.381771638035502,0.6788997621006287,primary_prostate_tumor
GSM153108.CEL,-4.037629860180384,-0.1852087427210168,primary_prostate_tumor
GSM153109.CEL,4.808697644196462,2.197445491976274,primary_prostate_tumor
GSM153110.CEL,4.7318037531671315,-0.054216167642534695,primary_prostate_tumor
GSM153111.CEL,3.4038243066231364,-0.8370445798840348,primary_prostate_tumor
GSM153112.CEL,1.6595066275135435,-0.9186552469982314,primary_prostate_tumor
GSM153113.CEL,3.5379062244330055,-2.0300183475758953,primary_prostate_tumor
GSM153114.CEL,-0.8583458222846437,2.471657095700479,primary_prostate_tumor
GSM187533.CEL,4.931584006023307,-2.0743313100472105,primary_prostate_tumor
GSM187534.CEL,4.37026711183744,-2.3209029048662897,primary_prostate_tumor
GSM187535.CEL,3.653636860116566,-2.6534469970364056,primary_prostate_tumor
GSM153238.CEL,2.6123483274015356,-4.059554692871597,normal
GSM153239.CEL,-4.470364933443636,2.3530227886238326,normal
GSM153240.CEL,-0.8708343427575511,2.023290596812649,normal
GSM153241.CEL,-1.343178342615413,-4.500852303251461,normal
GSM153242.CEL,-4.751239558591446,-1.6644381690127772,normal
GSM153243.CEL,-5.085020373061907,-0.6887462091411798,normal
GSM153244.CEL,-3.9177090244299997,-1.893013817104154,normal
GSM153245.CEL,-3.7062820548261803,3.456376447002109,normal
GSM153247.CEL,1.812550853682305,-3.785638309707663,normal
GSM153248.CEL,1.837478225398313,-1.969077411883785,normal
GSM153249.CEL,-0.32813075354104243,3.1957237957506592,normal
GSM153250.CEL,-0.49363271444723283,-1.084700959733676,normal
GSM153251.CEL,-2.363126679622086,4.654751047092203,normal
GSM153252.CEL,-2.044513444995395,-0.3103412894422841,normal
GSM153253.CEL,-3.133478162723914,2.0537169906941486,normal
GSM153254.CEL,-2.417822019761745,-3.5827547063682212,normal
GSM153255.CEL,-4.079881786682635,0.8489638096930846,normal
GSM153256.CEL,-1.263124539120341,-0.45137743759607146,normal
GSM153257.CEL,-2.3458476110237134,0.2179610452609585,normal
GSM153258.CEL,1.4180522614468423,1.8001319345893174,normal
GSM153259.CEL,4.706220985734497,-0.007875384841290944,normal
GSM153260.CEL,2.664600421315267,2.659281381769353,normal
GSM153261.CEL,2.4230120065001763,3.1451306100681893,normal
GSM153262.CEL,-1.20671182431992,3.791738919929359,normal
GSM153263.CEL,0.010931317530393577,-0.5221559604785391,normal
GSM153264.CEL,0.40048823801630345,-0.22432285841879032,normal
GSM153265.CEL,-1.7759112579276068,2.956522013338032,normal
GSM153266.CEL,1.4578709180867244,1.1181784864110398,normal
GSM153267.CEL,0.5943261380198075,0.9541386826791198,normal
GSM153268.CEL,-2.7700268569336397,3.0542212062740335,normal
GSM153269.CEL,-0.05565402255128669,1.4300768856934207,normal
GSM153270.CEL,1.2067757006716677,2.0120640496283997,normal
GSM153271.CEL,-0.5051149220537176,-1.3057543393108373,normal
GSM153272.CEL,-1.570143839875771,-0.307746771689342,normal
GSM153273.CEL,1.9970769217769777,-1.1708835566352687,normal
GSM153274.CEL,0.4617755685459813,1.4616724585748255,normal
GSM153275.CEL,-0.7474663317576941,1.3928378705747209,normal
GSM153276.CEL,-3.477880283780707,0.7545439950006905,normal
GSM153277.CEL,-0.9373511248974206,1.8151534952832244,normal
GSM153278.CEL,0.8024332721988084,3.1182631138088,normal
GSM153279.CEL,-1.7522840245768208,1.376537453910745,normal
GSM153280.CEL,-1.7811485745323994,2.848644081944635,normal
GSM153281.CEL,-1.6942106843771896,2.373038159642137,normal
GSM153282.CEL,-3.215793367275042,2.388262859568473,normal
GSM153283.CEL,0.3873779728805649,-0.3133061557051592,normal
GSM153284.CEL,-1.2608898297317392,0.5305479816744878,normal
GSM153285.CEL,-3.2292113692990085,1.8679278099094805,normal
GSM153286.CEL,-1.7403481807690253,0.07703159901527915,normal
GSM153288.CEL,-2.348918055021393,0.5050587901683585,normal
GSM153289.CEL,-0.9869915865329466,-0.11243172041286988,normal
GSM153290.CEL,-4.569816823984383,0.5831807830735977,normal
GSM153291.CEL,-4.207203069462335,0.6749353508942867,normal
GSM153292.CEL,-2.451641345870312,1.4552985770408664,normal
GSM153293.CEL,-1.304278333619196,-0.8012859964218271,normal
GSM153294.CEL,1.4574535297624382,-2.8041260446150247,normal
GSM153295.CEL,-5.531421516381938,1.1806987450425186,normal
