,PC 1 (0.09211056039462445),PC 2 (0.07366900813160383),type
GSM153054.CEL,15.529809374171492,-44.88493748034318,primary_prostate_tumor
GSM153055.CEL,-3.575610825133129,5.855043717057409,primary_prostate_tumor
GSM153056.CEL,63.349967448477244,-5.578691334435287,primary_prostate_tumor
GSM153057.CEL,1.571603951949113,38.997182387923154,primary_prostate_tumor
GSM153058.CEL,30.27746611219648,47.396812093332244,primary_prostate_tumor
GSM153059.CEL,49.83021586176312,64.1454117272605,primary_prostate_tumor
GSM153061.CEL,-24.835199989844366,37.96780434387071,primary_prostate_tumor
GSM153063.CEL,-43.90218769957522,14.79669359272998,primary_prostate_tumor
GSM153064.CEL,-50.472116719998,-1.0683263772301934,primary_prostate_tumor
GSM153066.CEL,116.07410043089334,-55.12744313936405,primary_prostate_tumor
GSM153067.CEL,-27.999742209050385,-33.79805792896871,primary_prostate_tumor
GSM153068.CEL,40.03636194893711,46.88763195866184,primary_prostate_tumor
GSM153069.CEL,-36.93365586250321,-10.51556727664278,primary_prostate_tumor
GSM153070.CEL,7.012941215198617,7.360164665691106,primary_prostate_tumor
GSM153072.CEL,-27.04556114524135,-45.26069183350277,primary_prostate_tumor
GSM153073.CEL,-59.259993898368805,-21.04170226469872,primary_prostate_tumor
GSM153074.CEL,23.41413226096755,-4.0274674109242605,primary_prostate_tumor
GSM153075.CEL,16.611839274163017,27.40356864700051,primary_prostate_tumor
GSM153076.CEL,-15.614775790877435,-55.50815596585539,primary_prostate_tumor
GSM153077.CEL,20.98845850311091,-32.083359176572166,primary_prostate_tumor
GSM153078.CEL,51.983660496057354,36.33008944297142,primary_prostate_tumor
GSM153079.CEL,29.51544770586814,7.451583445810395,primary_prostate_tumor
GSM153080.CEL,6.1924211769762945,-5.605587635765574,primary_prostate_tumor
GSM153081.CEL,55.279686180020384,-9.187584900107943,primary_prostate_tumor
GSM153082.CEL,-4.698576839776499,-22.091137786764687,primary_prostate_tumor
GSM153083.CEL,34.686092555073905,6.927523593160948,primary_prostate_tumor
GSM153084.CEL,26.303460370727134,25.496390881530036,primary_prostate_tumor
GSM153085.CEL,26.680621265087325,11.589731490221261,primary_prostate_tumor
GSM153086.CEL,-2.141972047842283,-2.654806941527693,primary_prostate_tumor
GSM153087.CEL,-3.0124731289784705,-4.363193358825609,primary_prostate_tumor
GSM153088.CEL,17.525617818040764,-56.01095709650408,primary_prostate_tumor
GSM153089.CEL,46.17931650902838,7.679717740965504,primary_prostate_tumor
GSM153090.CEL,-11.71194460825666,-0.647973835725978,primary_prostate_tumor
GSM153091.CEL,-0.2727496189588245,14.262684544766163,primary_prostate_tumor
GSM153092.CEL,12.093541365020732,20.95972679460805,primary_prostate_tumor
GSM153093.CEL,-26.575174371528107,9.706978206277652,primary_prostate_tumor
GSM153094.CEL,6.240152181264083,4.513785155108441,primary_prostate_tumor
GSM153095.CEL,-5.648378295761172,-44.7226744267009,primary_prostate_tumor
GSM153096.CEL,14.466947815740733,-27.315321285003325,primary_prostate_tumor
GSM153097.CEL,15.721421722873169,-8.559307466332486,primary_prostate_tumor
GSM153098.CEL,-12.489680043757662,-32.262063129592114,primary_prostate_tumor
GSM153099.CEL,-9.545487531238587,-21.781101486966207,primary_prostate_tumor
GSM153100.CEL,-5.996790066517353,-7.278846067023953,primary_prostate_tumor
GSM153101.CEL,7.515778326017699,-9.249676942520985,primary_prostate_tumor
GSM153102.CEL,-5.071331556653757,27.55631819992966,primary_prostate_tumor
GSM153103.CEL,4.865066810267081,3.430019137940355,primary_prostate_tumor
GSM153104.CEL,-60.79986802356865,-1.481212369164378,primary_prostate_tumor
GSM153106.CEL,-12.988249090116026,36.62959216770545,primary_prostate_tumor
GSM153107.CEL,21.770307062541605,1.163564242708546,primary_prostate_tumor
GSM153108.CEL,-52.81390777802253,11.093534447011411,primary_prostate_tumor
GSM153109.CEL,-14.907659964301548,18.010307865219332,primary_prostate_tumor
GSM153110.CEL,15.791459466910675,-19.20118376494955,primary_prostate_tumor
GSM153111.CEL,22.745444668447913,-25.892406070414218,primary_prostate_tumor
GSM153112.CEL,-16.051345620155715,-11.243750076898722,primary_prostate_tumor
GSM153113.CEL,-10.375743374786163,-9.195941704210119,primary_prostate_tumor
GSM153114.CEL,15.930954799874028,25.01421092310324,primary_prostate_tumor
GSM187533.CEL,85.51857490734264,33.47345410063258,primary_prostate_tumor
GSM187534.CEL,24.62858630665486,-6.938029073574162,primary_prostate_tumor
GSM187535.CEL,18.488669731040723,-28.248078226081724,primary_prostate_tumor
GSM153238.CEL,45.27064568418305,-48.835255388768125,normal
GSM153239.CEL,-26.071103860762882,37.013849953493775,normal
GSM153240.CEL,1.170356473264735,16.154429037356945,normal
GSM153241.CEL,53.27413921789526,-1.4920526375583212,normal
GSM153242.CEL,-28.632101317475072,113.97943569472989,normal
GSM153243.CEL,-78.43562712428681,84.24407433772507,normal
GSM153244.CEL,-4.848197746819825,40.23064227202902,normal
GSM153245.CEL,2.305437135719844,-7.829807813743335,normal
GSM153247.CEL,21.150713758749927,-58.855391695487015,normal
GSM153248.CEL,8.983005606556258,-46.6301277939597,normal
GSM153249.CEL,17.249283755835748,-14.745488501940057,normal
GSM153250.CEL,-14.609009145361753,-34.94691298973052,normal
GSM153251.CEL,22.552613221140962,42.69115097724045,normal
GSM153252.CEL,-11.28028980912979,-28.090719642583846,normal
GSM153253.CEL,-24.57399621901344,-2.4482907065543524,normal
GSM153254.CEL,53.0370446713387,21.162049477669655,normal
GSM153255.CEL,-72.51632742263999,19.767093134506474,normal
GSM153256.CEL,-7.595196613836197,-17.308418274136,normal
GSM153257.CEL,-26.343883877635587,-36.00863924784014,normal
GSM153258.CEL,33.82744587924652,2.2512863132227174,normal
GSM153259.CEL,44.678143427992545,-14.531279714521316,normal
GSM153260.CEL,46.21464530041681,28.728930204269812,normal
GSM153261.CEL,74.10996731613984,37.56669456352183,normal
GSM153262.CEL,21.326340757359933,3.721673322563599,normal
GSM153263.CEL,5.711083299840705,-29.250543185825716,normal
GSM153264.CEL,-6.13745271770585,-17.69888281000166,normal
GSM153265.CEL,2.7336965215696685,4.423715054892152,normal
GSM153266.CEL,21.153592488464046,-3.097481159482237,normal
GSM153267.CEL,-1.742878644635338,-1.7119283132546472,normal
GSM153268.CEL,-8.361143628358048,34.096973997774235,normal
GSM153269.CEL,6.921907180206168,1.259185614583005,normal
GSM153270.CEL,37.11459051331003,4.160351394598733,normal
GSM153271.CEL,-15.969351821720153,-39.71999892430748,normal
GSM153272.CEL,-28.437357033409246,-25.636104926771882,normal
GSM153273.CEL,-5.592733899798692,-22.758743631937996,normal
GSM153274.CEL,10.15937990372014,4.838292026791369,normal
GSM153275.CEL,-13.509156167226141,10.262682576591518,normal
GSM153276.CEL,-39.430063512747815,26.724553084218268,normal
GSM153277.CEL,-5.329302096835276,34.47858927372832,normal
GSM153278.CEL,13.958662441758658,39.557680376315965,normal
GSM153279.CEL,-24.34256632624533,29.39358498435917,normal
GSM153280.CEL,-1.0050729929036932,23.10290397348397,normal
GSM153281.CEL,4.907236639643635,-5.023759180483036,normal
GSM153282.CEL,-28.501155455238823,24.915016933070415,normal
GSM153283.CEL,-16.228344752185517,-18.262957339087237,normal
GSM153284.CEL,-8.330170561672107,-12.98679443309396,normal
GSM153285.CEL,-30.141577769737705,-12.073366077718925,normal
GSM153286.CEL,-25.729738053370113,-6.582287845894795,normal
GSM153288.CEL,-37.444015770687336,0.7361356528262575,normal
GSM153289.CEL,-17.764421076120616,-2.2654259902455336,normal
GSM153290.CEL,-80.00573954190145,56.39852392213615,normal
GSM153291.CEL,-72.55212107111565,7.197620255127316,normal
GSM153292.CEL,-24.092211094529336,-21.178769214013265,normal
GSM153293.CEL,-41.42686369135528,-23.252269540120107,normal
GSM153294.CEL,-36.8325925885719,-66.08661451795382,normal
GSM153295.CEL,-84.0781173112122,-59.02309859181709,normal
