,wt-SNE 1,wt-SNE 2,type
GSM153054.CEL,-4.379453107550084,1.2612845065544034,primary_prostate_tumor
GSM153055.CEL,0.026665671731579882,-0.4999718092554902,primary_prostate_tumor
GSM153056.CEL,1.0750512194795494,-4.88807207273656,primary_prostate_tumor
GSM153057.CEL,4.282133140000274,-1.3650473339649374,primary_prostate_tumor
GSM153058.CEL,4.722254784475621,-1.4424575619238185,primary_prostate_tumor
GSM153059.CEL,2.987303973476365,-3.1981027687741954,primary_prostate_tumor
GSM153061.CEL,-5.752222932203896,-0.22369819782337322,primary_prostate_tumor
GSM153063.CEL,2.091361039864792,1.604064557497879,primary_prostate_tumor
GSM153064.CEL,0.32835458286678376,5.032453860366319,primary_prostate_tumor
GSM153066.CEL,0.12236359435431746,-5.2696588533267725,primary_prostate_tumor
GSM153067.CEL,-0.8863364329239448,2.5674778503159095,primary_prostate_tumor
GSM153068.CEL,3.3011948041759487,-3.6890272535857043,primary_prostate_tumor
GSM153069.CEL,0.20971352302780716,2.281672840085934,primary_prostate_tumor
GSM153070.CEL,3.262255951006526,-2.4240090869062736,primary_prostate_tumor
GSM153072.CEL,-2.9793101339128847,3.7037019889106917,primary_prostate_tumor
GSM153073.CEL,-1.8120056333623282,4.178428477858077,primary_prostate_tumor
GSM153074.CEL,1.3830434833038439,-2.0199692897907804,primary_prostate_tumor
GSM153075.CEL,1.6546025094106003,-2.3858584305655888,primary_prostate_tumor
GSM153076.CEL,-2.235013674984115,1.9244968315705473,primary_prostate_tumor
GSM153077.CEL,-2.1861337142552166,0.8172883180602791,primary_prostate_tumor
GSM153078.CEL,1.1517728647866443,-3.3527095937184295,primary_prostate_tumor
GSM153079.CEL,0.18700972219650983,-2.772747342430495,primary_prostate_tumor
GSM153080.CEL,2.7382583281930226,-0.9686077596491053,primary_prostate_tumor
GSM153081.CEL,-1.8767695985983308,-4.202860947313296,primary_prostate_tumor
GSM153082.CEL,-3.3254588076972973,-0.07734484557375759,primary_prostate_tumor
GSM153083.CEL,0.020791363199126896,-2.5208836378174495,primary_prostate_tumor
GSM153084.CEL,-2.396618228208862,-2.817055840155405,primary_prostate_tumor
GSM153085.CEL,-1.9848052575931452,-2.689671991867916,primary_prostate_tumor
GSM153086.CEL,-1.0432227130821372,-1.8456516374488474,primary_prostate_tumor
GSM153087.CEL,0.4889515040721214,0.7094808474182778,primary_prostate_tumor
GSM153088.CEL,-2.3769959582417526,1.4305246268060068,primary_prostate_tumor
GSM153089.CEL,-0.6204196544810854,-4.444153370616596,primary_prostate_tumor
GSM153090.CEL,0.3371686427792875,0.1666319357769715,primary_prostate_tumor
GSM153091.CEL,-0.5532885013443838,-1.4852343740569347,primary_prostate_tumor
GSM153092.CEL,0.16756657743263667,-1.394630177258707,primary_prostate_tumor
GSM153093.CEL,1.275829641762958,1.008304813016959,primary_prostate_tumor
GSM153094.CEL,-1.0513192696869076,-1.4543363509673282,primary_prostate_tumor
GSM153095.CEL,-3.1379842505009057,2.0954059892748647,primary_prostate_tumor
GSM153096.CEL,-1.5504545252208177,-0.8942206070610775,primary_prostate_tumor
GSM153097.CEL,-1.2210401941787496,-1.5305523423433671,primary_prostate_tumor
GSM153098.CEL,-1.6586396098181242,3.164580479330611,primary_prostate_tumor
GSM153099.CEL,-0.6221290811482574,0.8027666518779013,primary_prostate_tumor
GSM153100.CEL,-0.8890202640979186,-0.20189349167542842,primary_prostate_tumor
GSM153101.CEL,-2.7481067443644807,-1.215577173354687,primary_prostate_tumor
GSM153102.CEL,4.390912953103757,0.8093986710284132,primary_prostate_tumor
GSM153103.CEL,-1.703337558695843,-1.8637476295504358,primary_prostate_tumor
GSM153104.CEL,1.4480040940883399,3.8278475365075333,primary_prostate_tumor
GSM153106.CEL,4.060986312149116,0.7622971208434355,primary_prostate_tumor
GSM153107.CEL,-1.1498629061623733,-2.7746706175384133,primary_prostate_tumor
GSM153108.CEL,2.0080423288287625,3.9703353658464797,primary_prostate_tumor
GSM153109.CEL,4.4253688296074065,0.8419187090414584,primary_prostate_tumor
GSM153110.CEL,-0.925838022647606,-3.123596885144248,primary_prostate_tumor
GSM153111.CEL,-1.8075553416409857,-1.271869426502446,primary_prostate_tumor
GSM153112.CEL,-0.653835299699752,0.3083273376848394,primary_prostate_tumor
GSM153113.CEL,-3.6901176448506736,-1.7483145537308555,primary_prostate_tumor
GSM153114.CEL,2.0330365604543568,-0.5915028863485777,primary_prostate_tumor
GSM187533.CEL,-3.642780291462582,-2.902298977071216,primary_prostate_tumor
GSM187534.CEL,-3.9224977392165,-2.2034975061601685,primary_prostate_tumor
GSM187535.CEL,-4.028078072562794,-0.749466677604856,primary_prostate_tumor
GSM153238.CEL,-4.8281976383208685,1.2620790067790646,normal
GSM153239.CEL,2.727332305258811,2.4338070608416658,normal
GSM153240.CEL,1.1441743175330619,-0.5643103859220098,normal
GSM153241.CEL,1.0959740184292641,-4.9130589931437205,normal
GSM153242.CEL,4.284849923435709,2.696367090957953,normal
GSM153243.CEL,3.575451340069068,3.491222891436934,normal
GSM153244.CEL,4.098917965512264,-1.2266327416137022,normal
GSM153245.CEL,0.330568969108323,3.845794851142682,normal
GSM153247.CEL,-4.221851516787122,1.9543349205612772,normal
GSM153248.CEL,-3.013154610593817,0.8915090840983291,normal
GSM153249.CEL,1.851697375445996,-2.01622213863103,normal
GSM153250.CEL,-1.6511406978586738,1.3835418699814332,normal
GSM153251.CEL,3.760347125582077,-2.5537185952087493,normal
GSM153252.CEL,-0.6597942963605532,2.4325094881929106,normal
GSM153253.CEL,0.6403084570076827,2.567445776928848,normal
GSM153254.CEL,2.200934819913798,-3.21516648241374,normal
GSM153255.CEL,2.2957736551303536,3.42713314439256,normal
GSM153256.CEL,-0.7498538599327145,1.4317767203709895,normal
GSM153257.CEL,-0.9785596605240626,2.9043783787015762,normal
GSM153258.CEL,0.7649298280867108,-2.0671962579933205,normal
GSM153259.CEL,-0.5358164367472099,-3.2821737985284334,normal
GSM153260.CEL,-2.3605903664877164,-4.171760453007374,normal
GSM153261.CEL,-1.851891377529055,-4.902633174231811,normal
GSM153262.CEL,-2.59683248203566,-0.2841737162781802,normal
GSM153263.CEL,-2.336908513066734,0.158702984927685,normal
GSM153264.CEL,-1.004241119422181,0.39193598259928364,normal
GSM153265.CEL,2.08043653945789,0.13749188587283956,normal
GSM153266.CEL,0.13629050073041157,-1.6706785737402672,normal
GSM153267.CEL,0.1666716090342312,-0.22998234553573513,normal
GSM153268.CEL,2.6121904206649065,0.8045679988302288,normal
GSM153269.CEL,0.6200927428471743,-0.7525286008701807,normal
GSM153270.CEL,1.0105176623510927,-1.6035347090118603,normal
GSM153271.CEL,-1.8085168671893985,1.621304724009746,normal
GSM153272.CEL,-0.8785812328224918,1.8952950129288366,normal
GSM153273.CEL,-1.7022908246719513,-0.1812708465801298,normal
GSM153274.CEL,0.6626823652405076,-0.8497305634082694,normal
GSM153275.CEL,0.8333138050087661,-0.24507438314745664,normal
GSM153276.CEL,2.2309305456133757,2.6618409875751774,normal
GSM153277.CEL,1.6669157360405158,-0.22427636603955114,normal
GSM153278.CEL,1.6243734214115526,-1.0941941841850766,normal
GSM153279.CEL,1.9249451766609782,1.275562102984853,normal
GSM153280.CEL,3.0376783835357206,0.17150397251817995,normal
GSM153281.CEL,1.2331185357438197,0.08765521041141343,normal
GSM153282.CEL,1.5526211860503758,2.267412794175736,normal
GSM153283.CEL,-1.307777417849395,0.6601128141258423,normal
GSM153284.CEL,-0.219416771740602,0.7364507104677203,normal
GSM153285.CEL,0.5769783091347874,2.673976094390604,normal
GSM153286.CEL,-0.10074187414713873,1.6384310405560023,normal
GSM153288.CEL,0.23825923352809755,1.9446630752552059,normal
GSM153289.CEL,-0.10785942859036705,1.309500839076885,normal
GSM153290.CEL,2.577844218349173,3.9051101603869314,normal
GSM153291.CEL,2.0787086092377396,3.699839273886951,normal
GSM153292.CEL,-0.009771600641805002,3.1524996936625658,normal
GSM153293.CEL,-0.7960510173179353,2.027511346798764,normal
GSM153294.CEL,-2.4741925773856157,2.896791093478655,normal
GSM153295.CEL,-0.8111437485644787,4.442537212124029,normal
