,wt-SNE 1,wt-SNE 2,type
GSM153054.CEL,4.269589717693771,-2.130681619111717,primary_prostate_tumor
GSM153055.CEL,-0.40333145263321096,2.0022486137950453,primary_prostate_tumor
GSM153056.CEL,3.294612474835964,0.5779731848223998,primary_prostate_tumor
GSM153057.CEL,0.4983978610444068,0.139358322644701,primary_prostate_tumor
GSM153058.CEL,-3.054278668304374,-0.872070168648051,primary_prostate_tumor
GSM153059.CEL,-2.481573344248577,-2.0100358251643073,primary_prostate_tumor
GSM153061.CEL,-3.5790962579573455,-4.197336518181762,primary_prostate_tumor
GSM153063.CEL,4.083915870940084,2.3427484900754263,primary_prostate_tumor
GSM153064.CEL,3.016338443748497,-4.236074791347395,primary_prostate_tumor
GSM153066.CEL,-0.40025793686700006,-6.526225378019369,primary_prostate_tumor
GSM153067.CEL,2.5525094704574562,1.8154484517771405,primary_prostate_tumor
GSM153068.CEL,-3.886897317525391,-2.7290933572167564,primary_prostate_tumor
GSM153069.CEL,0.08188315100743801,5.13085448888166,primary_prostate_tumor
GSM153070.CEL,-0.7032069514333571,-0.2023412987238982,primary_prostate_tumor
GSM153072.CEL,4.386801077816134,-2.168886757742703,primary_prostate_tumor
GSM153073.CEL,-4.173769574439755,-0.5868070749945675,primary_prostate_tumor
GSM153074.CEL,1.6553540415936692,2.912579331834301,primary_prostate_tumor
GSM153075.CEL,-0.6399561675331301,2.3598961733622885,primary_prostate_tumor
GSM153076.CEL,2.5230924913661656,-0.7614873348050075,primary_prostate_tumor
GSM153077.CEL,2.59403412639247,0.3283530476665266,primary_prostate_tumor
GSM153078.CEL,-0.2012475866447512,-5.179064697098171,primary_prostate_tumor
GSM153079.CEL,-2.588612577045498,-2.7442806297021027,primary_prostate_tumor
GSM153080.CEL,1.792656500285004,-3.026732887368103,primary_prostate_tumor
GSM153081.CEL,0.7466215939235104,-5.209000230577952,primary_prostate_tumor
GSM153082.CEL,0.5989566140912655,-2.040894931266227,primary_prostate_tumor
GSM153083.CEL,-1.3308032479729344,-3.3541041879234688,primary_prostate_tumor
GSM153084.CEL,-0.03610404743749741,-3.9487069616867414,primary_prostate_tumor
GSM153085.CEL,-0.7674978922724296,-2.951586052109633,primary_prostate_tumor
GSM153086.CEL,-0.7394629066190993,-3.6028414992112334,primary_prostate_tumor
GSM153087.CEL,1.8616029345282954,0.39216691278603377,primary_prostate_tumor
GSM153088.CEL,2.807336747817893,0.982244211802484,primary_prostate_tumor
GSM153089.CEL,1.557215124236263,-4.197271058570807,primary_prostate_tumor
GSM153090.CEL,1.0885413413302343,0.3737294832229869,primary_prostate_tumor
GSM153091.CEL,0.08179344881825601,-3.293437778996034,primary_prostate_tumor
GSM153092.CEL,-1.2840918314685168,-2.7167040056168523,primary_prostate_tumor
GSM153093.CEL,-1.887286072727777,2.644169045843181,primary_prostate_tumor
GSM153094.CEL,-0.45823558683994714,-2.846425511103016,primary_prostate_tumor
GSM153095.CEL,1.9642541200418788,-2.834017567011972,primary_prostate_tumor
GSM153096.CEL,1.1025852820220499,-1.860911410084343,primary_prostate_tumor
GSM153097.CEL,-0.2796259756487671,-2.674375089782627,primary_prostate_tumor
GSM153098.CEL,2.6284746631051927,-2.3710842324331076,primary_prostate_tumor
GSM153099.CEL,-0.3530215016353797,1.0506541101786815,primary_prostate_tumor
GSM153100.CEL,1.7611574481558219,-0.5722306852869095,primary_prostate_tumor
GSM153101.CEL,-1.7299209406156615,-1.1420813128726728,primary_prostate_tumor
GSM153102.CEL,-2.638543636261596,-3.4809607776607496,primary_prostate_tumor
GSM153103.CEL,-1.7735503631676175,-4.013122078424485,primary_prostate_tumor
GSM153104.CEL,-1.7190239986753943,4.6653218988548115,primary_prostate_tumor
GSM153106.CEL,-2.1026976191758107,-2.8615261386478315,primary_prostate_tumor
GSM153107.CEL,-0.9831507620819409,-3.9013741761157408,primary_prostate_tumor
GSM153108.CEL,0.36373341548142496,0.9577396550886372,primary_prostate_tumor
GSM153109.CEL,-2.236453391413202,-3.7916201721848304,primary_prostate_tumor
GSM153110.CEL,0.353287488324574,-4.875277622908238,primary_prostate_tumor
GSM153111.CEL,0.32782179055478844,-2.8960013894250456,primary_prostate_tumor
GSM153112.CEL,0.8749837785352131,-0.342185981797989,primary_prostate_tumor
GSM153113.CEL,1.268732266069233,-3.555935030571373,primary_prostate_tumor
GSM153114.CEL,1.9107410063316246,3.4375757474540456,primary_prostate_tumor
GSM187533.CEL,-2.1813969316763284,-6.133849378566904,primary_prostate_tumor
GSM187534.CEL,-1.9614031419547064,-5.814137683574485,primary_prostate_tumor
GSM187535.CEL,-1.820916451767846,-5.522260948554279,primary_prostate_tumor
GSM153238.CEL,3.858401771927608,-1.1125096093158278,normal
GSM153239.CEL,-2.9796494094726866,2.397911894827315,normal
GSM153240.CEL,1.0999632327042939,4.463269256387015,normal
GSM153241.CEL,-1.0386036910693872,-1.37907996618295,normal
GSM153242.CEL,-4.220306765411172,2.2446344099973614,normal
GSM153243.CEL,-4.320582077965642,2.3160600981381005,normal
GSM153244.CEL,-2.809627873654119,1.4585296726329813,normal
GSM153245.CEL,2.6687502394734137,4.731862968194926,normal
GSM153247.CEL,4.207342886538223,-0.8318913330120933,normal
GSM153248.CEL,-0.09602967721287513,-1.441787565458763,normal
GSM153249.CEL,1.4989411387868423,2.671602977982228,normal
GSM153250.CEL,1.6824615860416567,1.2818688965907468,normal
GSM153251.CEL,-1.267391954381114,6.125085596437856,normal
GSM153252.CEL,0.3227924154445762,3.394473191688645,normal
GSM153253.CEL,-0.05984532193375432,4.9159038331342675,normal
GSM153254.CEL,-1.0568959405491647,-1.6005593524377182,normal
GSM153255.CEL,-1.6181875864700292,4.125880739969171,normal
GSM153256.CEL,0.20051623513559982,3.3677619247680624,normal
GSM153257.CEL,-0.6023581502177837,4.032940470113915,normal
GSM153258.CEL,-0.11260325494388834,-0.5504835111122017,normal
GSM153259.CEL,-0.9455101766163455,-4.626617192813236,normal
GSM153260.CEL,1.418469789567065,-5.645525541374212,normal
GSM153261.CEL,1.1244888574503318,-5.859446409848849,normal
GSM153262.CEL,1.9564412907458286,5.534194426823396,normal
GSM153263.CEL,1.9182498360190032,-1.6777710851396075,normal
GSM153264.CEL,-0.29484730447143737,1.4764190005233357,normal
GSM153265.CEL,1.5217187006568529,4.395725443162814,normal
GSM153266.CEL,0.7839005717611642,-0.7953472919238518,normal
GSM153267.CEL,0.6857396822809316,0.27895776348614476,normal
GSM153268.CEL,0.8488217116211524,6.056546025469735,normal
GSM153269.CEL,-0.3435918463895638,-0.3955159058639891,normal
GSM153270.CEL,-0.522895875667848,0.36816828757003006,normal
GSM153271.CEL,2.1680161680018752,1.2746322872504503,normal
GSM153272.CEL,-0.2515340066497714,3.814452091027287,normal
GSM153273.CEL,-0.0408045740026575,-2.299554286493026,normal
GSM153274.CEL,-0.7286779045794559,-0.41331262811962405,normal
GSM153275.CEL,0.23430202213440557,1.9501983308377724,normal
GSM153276.CEL,-1.7474109273748306,3.3667315168078518,normal
GSM153277.CEL,-1.1826673694350274,1.7365704879728672,normal
GSM153278.CEL,-2.4291799250889525,0.1604787256729121,normal
GSM153279.CEL,-1.8183094934475594,2.6637528772609618,normal
GSM153280.CEL,1.3265953819160359,3.4824997393506893,normal
GSM153281.CEL,0.7959871093775462,4.433830224452699,normal
GSM153282.CEL,0.6354446361884867,6.008007161305897,normal
GSM153283.CEL,1.2607522470470907,0.559490699249257,normal
GSM153284.CEL,0.802682667677243,3.19460933375804,normal
GSM153285.CEL,-0.25477204797536535,5.411531966144146,normal
GSM153286.CEL,-1.3926015172142727,2.65370839661757,normal
GSM153288.CEL,-1.0387860427249855,2.974422418970116,normal
GSM153289.CEL,-2.0417395223226213,1.9808526523744128,normal
GSM153290.CEL,-2.7929063680882056,3.7919096586837626,normal
GSM153291.CEL,-2.038914263491964,4.1535041940699005,normal
GSM153292.CEL,2.712363145364423,3.0304155360355343,normal
GSM153293.CEL,0.17876249765335314,2.6200691204764706,normal
GSM153294.CEL,2.834047357370391,-3.4362677094100755,normal
GSM153295.CEL,-2.35033246656667,5.228186153288467,normal
