,PC 1 (0.21854306891613387),PC 2 (0.10402372331249035),type
GSM153054.CEL,1.9869411118279312,-2.251596360775946,primary_prostate_tumor
GSM153055.CEL,-1.215259164989241,0.7606566629644599,primary_prostate_tumor
GSM153056.CEL,0.33445360774780586,-0.9092274073450444,primary_prostate_tumor
GSM153057.CEL,0.12177067997657068,0.41963088498678575,primary_prostate_tumor
GSM153058.CEL,1.2553402455205493,0.27035194515271554,primary_prostate_tumor
GSM153059.CEL,1.2853721782881677,1.3350016920492234,primary_prostate_tumor
GSM153061.CEL,1.610179862546008,-0.19874975179947257,primary_prostate_tumor
GSM153063.CEL,-0.44152702454851267,0.14066787403156422,primary_prostate_tumor
GSM153064.CEL,0.8202374982966154,0.8909945658165715,primary_prostate_tumor
GSM153066.CEL,4.647900066146691,-2.052623727413145,primary_prostate_tumor
GSM153067.CEL,-0.8179437938874081,-2.2618149787750013,primary_prostate_tumor
GSM153068.CEL,2.623859472803598,0.9995297968556692,primary_prostate_tumor
GSM153069.CEL,-2.8307817947141305,-0.9368662128780726,primary_prostate_tumor
GSM153070.CEL,-0.11391387575986393,0.3092173158534056,primary_prostate_tumor
GSM153072.CEL,0.8303184664218274,-2.977305555691845,primary_prostate_tumor
GSM153073.CEL,0.6129725482125516,-2.1175081516334755,primary_prostate_tumor
GSM153074.CEL,-1.0441227915446911,-0.11065408732741,primary_prostate_tumor
GSM153075.CEL,-1.2239365623626433,1.1415067883077232,primary_prostate_tumor
GSM153076.CEL,-0.255331866376916,-1.4675700013276687,primary_prostate_tumor
GSM153077.CEL,0.4301920106834011,-1.5812844832825446,primary_prostate_tumor
GSM153078.CEL,1.7263566734807316,1.2468361288940724,primary_prostate_tumor
GSM153079.CEL,1.5301726649797793,1.0601463528681758,primary_prostate_tumor
GSM153080.CEL,0.7088450838544803,-0.22917751129547176,primary_prostate_tumor
GSM153081.CEL,1.15693821227473,1.657961912123876,primary_prostate_tumor
GSM153082.CEL,1.1058969227120552,-0.10031989698196737,primary_prostate_tumor
GSM153083.CEL,2.5694253020593267,0.27064170051463343,primary_prostate_tumor
GSM153084.CEL,2.6368045316839637,0.3716010854601673,primary_prostate_tumor
GSM153085.CEL,1.2109284392978337,0.6820146745202369,primary_prostate_tumor
GSM153086.CEL,1.7755183544474904,-0.41679294696953223,primary_prostate_tumor
GSM153087.CEL,-0.29751311174879197,-0.7858352789452051,primary_prostate_tumor
GSM153088.CEL,-0.5390396486966706,-1.490377442839608,primary_prostate_tumor
GSM153089.CEL,1.3829774324828006,0.6765427208457664,primary_prostate_tumor
GSM153090.CEL,-0.44124400227374977,-0.010042436383168936,primary_prostate_tumor
GSM153091.CEL,1.7020588983635545,0.4647203438867598,primary_prostate_tumor
GSM153092.CEL,0.8004745204781337,1.857311040080118,primary_prostate_tumor
GSM153093.CEL,-1.3178856634491722,0.4414541524253216,primary_prostate_tumor
GSM153094.CEL,1.2600335888000922,0.014725439468376449,primary_prostate_tumor
GSM153095.CEL,2.1323805138010736,-1.0411978340846868,primary_prostate_tumor
GSM153096.CEL,0.6633218734342697,-0.47561191315442036,primary_prostate_tumor
GSM153097.CEL,1.1314625776334752,-0.5324338172773818,primary_prostate_tumor
GSM153098.CEL,1.0961936885255872,-1.6571743433602082,primary_prostate_tumor
GSM153099.CEL,-0.7438043956505869,0.11279654261057906,primary_prostate_tumor
GSM153100.CEL,0.022128199997389342,-0.8453549324921619,primary_prostate_tumor
GSM153101.CEL,0.5721781221939103,0.2785232760563327,primary_prostate_tumor
GSM153102.CEL,1.9002966344310073,0.8765420886388138,primary_prostate_tumor
GSM153103.CEL,1.986350761019101,-0.5746612542160326,primary_prostate_tumor
GSM153104.CEL,-1.7847341751216732,-1.2680023214114216,primary_prostate_tumor
GSM153106.CEL,1.4760052586483643,1.0814943800360903,primary_prostate_tumor
GSM153107.CEL,1.820853148043134,0.8669633942766413,primary_prostate_tumor
GSM153108.CEL,-0.4826280171007605,0.6809468949937084,primary_prostate_tumor
GSM153109.CEL,2.073094303984515,-0.28367235841717436,primary_prostate_tumor
GSM153110.CEL,2.229907696026625,0.9744793565011526,primary_prostate_tumor
GSM153111.CEL,1.5834458861267742,-0.791603172576656,primary_prostate_tumor
GSM153112.CEL,0.3223043442082102,-0.44674263027330635,primary_prostate_tumor
GSM153113.CEL,1.382868898341931,0.8373409871923969,primary_prostate_tumor
GSM153114.CEL,-1.3413337845667557,1.0597550406527692,primary_prostate_tumor
GSM187533.CEL,4.3445855117768355,-0.6236918680164119,primary_prostate_tumor
GSM187534.CEL,3.2554448102374622,-0.05003096371427263,primary_prostate_tumor
GSM187535.CEL,2.345959235126607,-0.2977410707564063,primary_prostate_tumor
GSM153238.CEL,1.916320099676222,-2.1843792019380457,normal
GSM153239.CEL,-1.708954985988548,0.21136530950648333,normal
GSM153240.CEL,-1.6747085089228895,1.003361709142641,normal
GSM153241.CEL,0.795537502902945,0.16499156487763303,normal
GSM153242.CEL,-0.6114474618207103,1.5104509624980345,normal
GSM153243.CEL,-0.45703672293126213,2.1077023026279047,normal
GSM153244.CEL,-0.4141974498979307,0.2697289646088755,normal
GSM153245.CEL,-1.832883398362902,-0.9188783433426472,normal
GSM153247.CEL,1.6820938380700572,-3.6015751231224806,normal
GSM153248.CEL,0.9062560692514617,-0.8445384343956253,normal
GSM153249.CEL,-1.3506239704926108,-0.42769964331469196,normal
GSM153250.CEL,-0.8058682264472823,-0.8652191979448537,normal
GSM153251.CEL,-1.6839622306415227,0.7532742090357476,normal
GSM153252.CEL,-1.50280249823939,-0.5572730772484233,normal
GSM153253.CEL,-2.38515946902978,-1.4445070449201538,normal
GSM153254.CEL,0.9597941126081972,0.3783322159900757,normal
GSM153255.CEL,-2.199448135802114,-0.6375259107638486,normal
GSM153256.CEL,-1.7802398035690739,-0.895981186224215,normal
GSM153257.CEL,-2.136070517097022,-1.4060977610798964,normal
GSM153258.CEL,0.2520710826392006,0.3203304205953608,normal
GSM153259.CEL,3.219691477556582,0.0920688307773114,normal
GSM153260.CEL,1.6510660438617595,3.617375654343317,normal
GSM153261.CEL,1.15948023123947,2.8272601449958383,normal
GSM153262.CEL,-1.8170035470018309,1.5689004438669842,normal
GSM153263.CEL,0.16755832316342,-0.3547434586361832,normal
GSM153264.CEL,-0.9561106837928361,-0.2594217612029947,normal
GSM153265.CEL,-1.9395454396631748,0.3457773250760024,normal
GSM153266.CEL,0.2266628802295708,0.011112173481841582,normal
GSM153267.CEL,-0.43187591974356093,0.2423565520351906,normal
GSM153268.CEL,-3.4202171836205344,0.7569476976971344,normal
GSM153269.CEL,-0.2458011302081198,0.12041214255831303,normal
GSM153270.CEL,-0.00992856149598665,1.232106223272747,normal
GSM153271.CEL,-0.8312666348586636,-1.748180120354055,normal
GSM153272.CEL,-2.330145725885809,-0.8573165799965536,normal
GSM153273.CEL,0.850311631365985,-0.3295603949759507,normal
GSM153274.CEL,-0.03338111964098534,0.4418994836070782,normal
GSM153275.CEL,-0.9144598082344358,1.4782474318064063,normal
GSM153276.CEL,-1.8050134879739852,0.6994298339121532,normal
GSM153277.CEL,-1.1134512429443377,1.8859624746398431,normal
GSM153278.CEL,0.3081933111085092,3.2240617531969273,normal
GSM153279.CEL,-1.2985378585161322,0.6725239395785617,normal
GSM153280.CEL,-1.3278875441262823,0.595715533622852,normal
GSM153281.CEL,-2.4556269665969817,0.05476423557176354,normal
GSM153282.CEL,-2.970375439786359,0.42205772902512045,normal
GSM153283.CEL,-0.4290122461498006,-0.26710862102946253,normal
GSM153284.CEL,-1.748478578265114,-0.29595200820585127,normal
GSM153285.CEL,-3.137075830068379,-0.9905961708765892,normal
GSM153286.CEL,-1.274249453953951,-0.12205140156366114,normal
GSM153288.CEL,-1.94317514834241,0.10414164229276913,normal
GSM153289.CEL,-0.6686608911908211,-0.14033666021959665,normal
GSM153290.CEL,-2.2904434140053085,1.5801463452347657,normal
GSM153291.CEL,-2.3579911621079375,0.18706812531374625,normal
GSM153292.CEL,-1.380270812427198,-0.7213382778838777,normal
GSM153293.CEL,-1.5887330821067338,0.1004316927559439,normal
GSM153294.CEL,0.12939902373212503,-0.9385922500027108,normal
GSM153295.CEL,-4.536063499606191,-1.1661227649519845,normal
