,wt-SNE 1,wt-SNE 2,type
GSM153054.CEL,5.188867033243273,0.2376503966823358,primary_prostate_tumor
GSM153055.CEL,-0.5035387125828341,-1.529109340058641,primary_prostate_tumor
GSM153056.CEL,-1.649472416626432,-3.6558163674499555,primary_prostate_tumor
GSM153057.CEL,-0.21403087802847684,2.9828352935684643,primary_prostate_tumor
GSM153058.CEL,-2.1842232022782713,0.9102777935402633,primary_prostate_tumor
GSM153059.CEL,3.597890670754569,-4.743493336204863,primary_prostate_tumor
GSM153061.CEL,-0.3537800554709215,4.189728475988345,primary_prostate_tumor
GSM153063.CEL,-0.28485681236767646,1.8002747866778368,primary_prostate_tumor
GSM153064.CEL,0.7549675603001009,2.1216401799819633,primary_prostate_tumor
GSM153066.CEL,1.2642077129241798,4.466935773239047,primary_prostate_tumor
GSM153067.CEL,-0.6095209212459125,1.429866921593474,primary_prostate_tumor
GSM153068.CEL,-2.9396049462718703,5.686747342329085,primary_prostate_tumor
GSM153069.CEL,0.7552920164714975,-2.250145274229579,primary_prostate_tumor
GSM153070.CEL,0.20239950413789068,-0.2926870270820719,primary_prostate_tumor
GSM153072.CEL,3.2501875041313575,0.5081234661213194,primary_prostate_tumor
GSM153073.CEL,-2.58868542684842,5.242119018888605,primary_prostate_tumor
GSM153074.CEL,-0.6478552454109577,-1.9712930404991569,primary_prostate_tumor
GSM153075.CEL,-1.4407044680382517,-2.2138331526095247,primary_prostate_tumor
GSM153076.CEL,-0.636152166557601,-4.079011962446526,primary_prostate_tumor
GSM153077.CEL,-0.002901111899689651,-4.756618576830273,primary_prostate_tumor
GSM153078.CEL,3.9564842545362,-5.267927886793327,primary_prostate_tumor
GSM153079.CEL,2.3360104608719245,-4.321374758906715,primary_prostate_tumor
GSM153080.CEL,4.498267255349521,-1.8988387224774972,primary_prostate_tumor
GSM153081.CEL,0.9901798058859324,-4.508495112272759,primary_prostate_tumor
GSM153082.CEL,5.758364212809402,-2.7128871990884487,primary_prostate_tumor
GSM153083.CEL,2.4062997888713427,-2.5041361630855916,primary_prostate_tumor
GSM153084.CEL,5.605897948358701,-2.1141285911667396,primary_prostate_tumor
GSM153085.CEL,6.01412624355328,-3.267367275847039,primary_prostate_tumor
GSM153086.CEL,2.256450417010425,-5.695968421200834,primary_prostate_tumor
GSM153087.CEL,-1.0277556584190977,-0.019503836657939876,primary_prostate_tumor
GSM153088.CEL,1.5032041012720332,-3.5827667970181,primary_prostate_tumor
GSM153089.CEL,4.321101603303758,-1.5068759626347654,primary_prostate_tumor
GSM153090.CEL,-0.3771606149820166,-0.3853827474725218,primary_prostate_tumor
GSM153091.CEL,5.52884276545896,-2.6879095956239873,primary_prostate_tumor
GSM153092.CEL,4.860857177812225,-3.4371848525427513,primary_prostate_tumor
GSM153093.CEL,0.8480222210738371,-5.3036018127625475,primary_prostate_tumor
GSM153094.CEL,2.152268844678175,-4.871002420681946,primary_prostate_tumor
GSM153095.CEL,1.7548653385531698,2.588275263630599,primary_prostate_tumor
GSM153096.CEL,1.583016932258438,-5.841089878067021,primary_prostate_tumor
GSM153097.CEL,1.982710202053171,-1.6564356542998984,primary_prostate_tumor
GSM153098.CEL,3.4313773243957892,-2.5566277307191903,primary_prostate_tumor
GSM153099.CEL,0.642121937574921,-3.870046324582751,primary_prostate_tumor
GSM153100.CEL,4.346866674476965,-2.5310532500484126,primary_prostate_tumor
GSM153101.CEL,0.5404551896687306,2.9573166410514093,primary_prostate_tumor
GSM153102.CEL,2.1856136106923216,-0.2442910909678119,primary_prostate_tumor
GSM153103.CEL,5.027314472311107,-2.8055750659146166,primary_prostate_tumor
GSM153104.CEL,-4.509432696208471,4.931190610872329,primary_prostate_tumor
GSM153106.CEL,3.330399574744081,-3.559046418565911,primary_prostate_tumor
GSM153107.CEL,2.027824468093743,-1.0808467159384105,primary_prostate_tumor
GSM153108.CEL,4.634360610929039,1.8310779809636688,primary_prostate_tumor
GSM153109.CEL,2.9305342595799826,-3.8961311493414312,primary_prostate_tumor
GSM153110.CEL,1.9661643180093271,-5.169944458869264,primary_prostate_tumor
GSM153111.CEL,2.415658154652464,-2.004903021664575,primary_prostate_tumor
GSM153112.CEL,0.5954817177404794,1.5661088315174039,primary_prostate_tumor
GSM153113.CEL,1.7427161190741933,2.308809073345026,primary_prostate_tumor
GSM153114.CEL,3.3303755788667004,-3.16688300240164,primary_prostate_tumor
GSM187533.CEL,5.998051119114033,-4.339743582749486,primary_prostate_tumor
GSM187534.CEL,7.119150212307105,-2.2151995201548234,primary_prostate_tumor
GSM187535.CEL,2.746277601593393,-5.089542282508164,primary_prostate_tumor
GSM153238.CEL,3.2045609916016136,2.7934592482051106,normal
GSM153239.CEL,-4.394452699151298,6.502485585550859,normal
GSM153240.CEL,1.127363382217095,-0.40915946463721686,normal
GSM153241.CEL,-3.3788144641650213,2.531259430187155,normal
GSM153242.CEL,-4.861297274055865,7.147155641621637,normal
GSM153243.CEL,-4.602357947082366,7.020127110828436,normal
GSM153244.CEL,-4.486761377811305,1.3064072394831323,normal
GSM153245.CEL,2.5487479458833726,3.888376076431343,normal
GSM153247.CEL,3.9786694036434316,-0.23871584123915127,normal
GSM153248.CEL,2.2229042877278418,0.04564079694255041,normal
GSM153249.CEL,-4.559405430710127,0.665373203025679,normal
GSM153250.CEL,1.3439935558148401,-0.9358560063343883,normal
GSM153251.CEL,-5.124811290752429,6.272228265153612,normal
GSM153252.CEL,-1.7268914394873438,-2.007682792198786,normal
GSM153253.CEL,-4.829052641778802,1.0312649079082779,normal
GSM153254.CEL,-2.7950296724191244,3.898692767893669,normal
GSM153255.CEL,-4.509677756664045,5.36380973997728,normal
GSM153256.CEL,-4.420261593576049,-0.4715339207310907,normal
GSM153257.CEL,-4.255647648443458,2.599988997716846,normal
GSM153258.CEL,1.6789151379438665,-3.5790327320206954,normal
GSM153259.CEL,3.143432576522197,-0.6754370103973828,normal
GSM153260.CEL,-1.317607926148981,3.274292502086682,normal
GSM153261.CEL,6.6097148297800645,-0.5521550485153526,normal
GSM153262.CEL,-2.2425931619001025,-1.0181831362576579,normal
GSM153263.CEL,0.1234112525747019,-2.637916684175466,normal
GSM153264.CEL,0.2651278697917485,-3.5682844968110583,normal
GSM153265.CEL,-4.1055676767327896,-1.2323541995601626,normal
GSM153266.CEL,1.5283880091333573,-2.7609945722240914,normal
GSM153267.CEL,-4.172285251746131,2.1754085646039365,normal
GSM153268.CEL,-5.654539491556566,2.7566263789723946,normal
GSM153269.CEL,-4.0682602780904045,5.592368383319341,normal
GSM153270.CEL,1.418182585902556,0.04907620543013876,normal
GSM153271.CEL,0.6061858180774475,0.6656059306823395,normal
GSM153272.CEL,-3.2410963254097807,1.002658561169465,normal
GSM153273.CEL,2.0450241841177683,1.110519756687158,normal
GSM153274.CEL,-2.5987956504575935,0.4070037131792008,normal
GSM153275.CEL,-3.4882301703528,1.4538783284727304,normal
GSM153276.CEL,-4.868732434067955,2.6385276058695215,normal
GSM153277.CEL,-2.782461432695024,1.3700650799370906,normal
GSM153278.CEL,-2.805434441437406,-2.295850877198953,normal
GSM153279.CEL,-4.737662876317458,-0.5927805928619364,normal
GSM153280.CEL,-3.7116284301631697,1.2823053658636605,normal
GSM153281.CEL,-1.813019916195925,1.5894016153378876,normal
GSM153282.CEL,-4.291381021002268,5.968037376749633,normal
GSM153283.CEL,-0.6476082054207609,2.508154893592915,normal
GSM153284.CEL,-3.347884211716747,0.26817073969376015,normal
GSM153285.CEL,-5.3116171062793125,-0.040983788668390406,normal
GSM153286.CEL,-0.5543640877265199,-2.546817601383433,normal
GSM153288.CEL,-3.4673891435986777,5.320688151407191,normal
GSM153289.CEL,-3.343804658384634,0.08079229036854078,normal
GSM153290.CEL,-4.930066992787609,6.447337072760532,normal
GSM153291.CEL,-1.370734890460996,2.48207009094904,normal
GSM153292.CEL,-4.463101677983878,4.131403413242523,normal
GSM153293.CEL,-1.7578676030053675,-0.22752969250908622,normal
GSM153294.CEL,0.5744080983688418,1.4206068239676983,normal
GSM153295.CEL,-1.792682817625522,4.575742132901631,normal
