,PC 1 (0.0988534919433979),PC 2 (0.07138282566279787),type
GSM153054.CEL,4.731019718752781,-12.572363687990242,primary_prostate_tumor
GSM153055.CEL,-0.7816410953040784,1.5771772542445401,primary_prostate_tumor
GSM153056.CEL,12.581451459771678,-2.0566406130291495,primary_prostate_tumor
GSM153057.CEL,1.6151611544910558,11.320637586360098,primary_prostate_tumor
GSM153058.CEL,7.725044816059003,13.316658519642376,primary_prostate_tumor
GSM153059.CEL,14.995014366664737,17.61259815450729,primary_prostate_tumor
GSM153061.CEL,-3.0436154800832886,10.66012662288498,primary_prostate_tumor
GSM153063.CEL,-11.063578676159194,4.237913533242952,primary_prostate_tumor
GSM153064.CEL,-10.222626248572535,-0.054077703855178405,primary_prostate_tumor
GSM153066.CEL,34.52094750301222,-14.836792847428589,primary_prostate_tumor
GSM153067.CEL,-9.266096624489442,-9.313095090787787,primary_prostate_tumor
GSM153068.CEL,12.077145343420533,13.08904504289835,primary_prostate_tumor
GSM153069.CEL,-15.881853560659394,-3.326169789982666,primary_prostate_tumor
GSM153070.CEL,1.0812239382845437,2.395214486576598,primary_prostate_tumor
GSM153072.CEL,-3.7003700583931485,-12.05382337466705,primary_prostate_tumor
GSM153073.CEL,-15.61936145327772,-5.17897683442506,primary_prostate_tumor
GSM153074.CEL,3.005699979429383,-1.7394668094966865,primary_prostate_tumor
GSM153075.CEL,3.0429904046984246,7.3699751313308886,primary_prostate_tumor
GSM153076.CEL,-5.9899886211833,-16.03857007935589,primary_prostate_tumor
GSM153077.CEL,5.0368187780829405,-9.864063530752958,primary_prostate_tumor
GSM153078.CEL,12.871170559810066,9.04211933138206,primary_prostate_tumor
GSM153079.CEL,10.711776007038823,2.1292272148160016,primary_prostate_tumor
GSM153080.CEL,2.330755100032301,-1.5033895533313162,primary_prostate_tumor
GSM153081.CEL,13.671706629115699,-4.129733812947987,primary_prostate_tumor
GSM153082.CEL,2.3067207555669516,-5.616191758244877,primary_prostate_tumor
GSM153083.CEL,12.822807407944707,1.3211093683287862,primary_prostate_tumor
GSM153084.CEL,12.05923147936465,6.917046098014803,primary_prostate_tumor
GSM153085.CEL,10.309840421560194,3.137745081180186,primary_prostate_tumor
GSM153086.CEL,4.6378060801817265,-0.7107009056866852,primary_prostate_tumor
GSM153087.CEL,-2.4810120515101843,-1.3218056626357528,primary_prostate_tumor
GSM153088.CEL,1.400244528574281,-16.52686618676537,primary_prostate_tumor
GSM153089.CEL,13.61779589333801,2.013221123817447,primary_prostate_tumor
GSM153090.CEL,-3.7741498904806434,-0.5975823870231076,primary_prostate_tumor
GSM153091.CEL,4.139862147078943,3.14398944227394,primary_prostate_tumor
GSM153092.CEL,4.872056770381882,5.322289364724675,primary_prostate_tumor
GSM153093.CEL,-9.29785469022982,2.2912675432815797,primary_prostate_tumor
GSM153094.CEL,6.010583279112395,1.0405465140080061,primary_prostate_tumor
GSM153095.CEL,0.643791772753368,-11.8333473927048,primary_prostate_tumor
GSM153096.CEL,5.793983382635192,-7.724240000720389,primary_prostate_tumor
GSM153097.CEL,7.465842038761535,-2.3826493178753387,primary_prostate_tumor
GSM153098.CEL,-2.6337734298239046,-9.554042267486242,primary_prostate_tumor
GSM153099.CEL,-3.589879869207119,-6.529496590454075,primary_prostate_tumor
GSM153100.CEL,0.35554614993810846,-1.8311370807721121,primary_prostate_tumor
GSM153101.CEL,5.1892362410931385,-2.2818721427971362,primary_prostate_tumor
GSM153102.CEL,3.285674384685848,8.23456782217662,primary_prostate_tumor
GSM153103.CEL,6.210276139540826,1.0743323108977065,primary_prostate_tumor
GSM153104.CEL,-16.558877148560455,0.555587739892205,primary_prostate_tumor
GSM153106.CEL,0.2824285098410165,9.995787902379103,primary_prostate_tumor
GSM153107.CEL,8.734132611895024,0.2474150413773535,primary_prostate_tumor
GSM153108.CEL,-11.3693305381646,3.299183989943098,primary_prostate_tumor
GSM153109.CEL,2.842598392675157,5.769538265421035,primary_prostate_tumor
GSM153110.CEL,7.724167453971719,-5.385834745525333,primary_prostate_tumor
GSM153111.CEL,9.129225869930561,-7.236393332601853,primary_prostate_tumor
GSM153112.CEL,-2.0299057286365496,-3.133462151632334,primary_prostate_tumor
GSM153113.CEL,4.270080441426546,-0.8860402702007945,primary_prostate_tumor
GSM153114.CEL,2.25646406828599,6.565775685469707,primary_prostate_tumor
GSM187533.CEL,30.264903557419032,9.857663605577724,primary_prostate_tumor
GSM187534.CEL,14.672629240217184,-0.17037900012803733,primary_prostate_tumor
GSM187535.CEL,8.891536811654948,-7.0528387149975575,primary_prostate_tumor
GSM153238.CEL,13.374102249228207,-13.6969589745726,normal
GSM153239.CEL,-10.458483803211724,11.014744630131489,normal
GSM153240.CEL,-3.590513454971194,3.713905557367188,normal
GSM153241.CEL,11.477814339642654,-0.5794826658625887,normal
GSM153242.CEL,-8.00625696965649,33.32181111511706,normal
GSM153243.CEL,-14.92860202410637,25.80988742045857,normal
GSM153244.CEL,-2.970114836879941,11.458288231697292,normal
GSM153245.CEL,-3.9755748928842434,-1.6352551685740109,normal
GSM153247.CEL,5.806600184251417,-15.718378969652564,normal
GSM153248.CEL,3.846947737595075,-12.841961683755578,normal
GSM153249.CEL,1.263120779899467,-4.3517163080682435,normal
GSM153250.CEL,-6.265506449070825,-9.94399526192683,normal
GSM153251.CEL,4.98426238929412,13.303510341585339,normal
GSM153252.CEL,-6.252013078129912,-7.79630064153744,normal
GSM153253.CEL,-11.707421064122169,0.016756320114351256,normal
GSM153254.CEL,11.789835649639697,5.233927766547828,normal
GSM153255.CEL,-22.04300253819507,6.622402447630988,normal
GSM153256.CEL,-5.516942998778699,-5.307141066076676,normal
GSM153257.CEL,-11.37870784316222,-10.555083969386377,normal
GSM153258.CEL,8.37586583757433,-0.7112120717266088,normal
GSM153259.CEL,12.863943999165414,-5.344304935552942,normal
GSM153260.CEL,15.213440879622826,7.554413039096819,normal
GSM153261.CEL,20.020331155202978,8.911044660529969,normal
GSM153262.CEL,1.6275796153657414,0.34738939999671226,normal
GSM153263.CEL,0.37075292243410435,-8.881887236325394,normal
GSM153264.CEL,-2.3571994597194155,-5.426158225251916,normal
GSM153265.CEL,-2.977647154122707,1.055442310156028,normal
GSM153266.CEL,5.138417896425797,-1.5565503923852253,normal
GSM153267.CEL,-1.7574188311603833,-1.3668350415993256,normal
GSM153268.CEL,-7.947724908040298,9.360729595505608,normal
GSM153269.CEL,-1.2614963650062787,-0.4707317566381938,normal
GSM153270.CEL,8.467350663713034,-0.24029489714489274,normal
GSM153271.CEL,-7.137356025031719,-11.231914228090512,normal
GSM153272.CEL,-11.174405426326052,-6.97551579108977,normal
GSM153273.CEL,0.8207166469864658,-5.928001527668313,normal
GSM153274.CEL,1.477200384612581,0.6602080905413701,normal
GSM153275.CEL,-5.620670120505634,2.0587494537510946,normal
GSM153276.CEL,-11.758895535506555,7.98814673095677,normal
GSM153277.CEL,-3.060022833902647,9.047574194165781,normal
GSM153278.CEL,4.081086367420896,10.377075642549505,normal
GSM153279.CEL,-6.921067718737604,8.779408554517362,normal
GSM153280.CEL,-2.3035202901884575,6.617755092548343,normal
GSM153281.CEL,-3.605611172371679,-1.4932517014918538,normal
GSM153282.CEL,-10.921994834798717,7.587788730477765,normal
GSM153283.CEL,-4.714769620069725,-5.635102673527167,normal
GSM153284.CEL,-5.766562960770895,-4.113122034818094,normal
GSM153285.CEL,-11.438324195556921,-2.990259013210213,normal
GSM153286.CEL,-9.489357035995965,-1.9342182389564386,normal
GSM153288.CEL,-12.916293693013307,0.6016611218035411,normal
GSM153289.CEL,-6.587477803522694,-1.1423591165146192,normal
GSM153290.CEL,-20.9052690421309,17.23594304999749,normal
GSM153291.CEL,-20.89696884621277,2.9605641808101595,normal
GSM153292.CEL,-10.275738654098097,-5.864902651048916,normal
GSM153293.CEL,-12.755853756413934,-6.325187067400247,normal
GSM153294.CEL,-6.720122477634021,-17.287980187584157,normal
GSM153295.CEL,-25.517937407826356,-14.38878032096444,normal
