,wt-SNE 1,wt-SNE 2,type
GSM153054.CEL,4.696652714368575,0.1591432508161534,primary_prostate_tumor
GSM153055.CEL,-0.01345391829790969,-0.5288082430472986,primary_prostate_tumor
GSM153056.CEL,-5.206004231479036,-0.08933500971867132,primary_prostate_tumor
GSM153057.CEL,-4.504572001832514,-1.867477013113182,primary_prostate_tumor
GSM153058.CEL,-5.055722501874728,-1.9480938632816898,primary_prostate_tumor
GSM153059.CEL,-3.0995232351374598,-3.196254059690056,primary_prostate_tumor
GSM153061.CEL,0.37340550196240707,-6.328111496758035,primary_prostate_tumor
GSM153063.CEL,-4.269331239102893,2.3864400823767715,primary_prostate_tumor
GSM153064.CEL,2.5384767168430504,4.174635470582409,primary_prostate_tumor
GSM153066.CEL,1.8932744061497482,-5.228664431385756,primary_prostate_tumor
GSM153067.CEL,1.384414823454168,2.874172125701108,primary_prostate_tumor
GSM153068.CEL,-3.07321224887568,-4.01326652335184,primary_prostate_tumor
GSM153069.CEL,-0.7453698986752696,3.0638419263002445,primary_prostate_tumor
GSM153070.CEL,-3.5744589884635296,-2.63416258987774,primary_prostate_tumor
GSM153072.CEL,4.107440127239564,2.8589401271270303,primary_prostate_tumor
GSM153073.CEL,1.3741825172506383,4.314875905334639,primary_prostate_tumor
GSM153074.CEL,-2.0837383218647236,-1.2316209034392371,primary_prostate_tumor
GSM153075.CEL,-2.29149254631948,-1.700787698870699,primary_prostate_tumor
GSM153076.CEL,1.9664084059461486,1.9462657466860933,primary_prostate_tumor
GSM153077.CEL,1.4305931279783357,0.4210357367146519,primary_prostate_tumor
GSM153078.CEL,-1.6025677766687791,-3.0693833768999075,primary_prostate_tumor
GSM153079.CEL,0.20143054222321694,-2.697322711325431,primary_prostate_tumor
GSM153080.CEL,0.781372336934431,-1.0696526630974799,primary_prostate_tumor
GSM153081.CEL,-0.9776341645961355,-4.005825503601333,primary_prostate_tumor
GSM153082.CEL,2.9775512738272196,-1.1476956759798893,primary_prostate_tumor
GSM153083.CEL,0.3557580760488387,-2.708975954990696,primary_prostate_tumor
GSM153084.CEL,2.4449499349688204,-3.730478301924731,primary_prostate_tumor
GSM153085.CEL,2.133585745423409,-3.521235582147339,primary_prostate_tumor
GSM153086.CEL,1.2569142499608545,-2.7616199208584504,primary_prostate_tumor
GSM153087.CEL,-0.49108914848917984,0.8323610214658718,primary_prostate_tumor
GSM153088.CEL,1.6398321992546157,1.2615682297117274,primary_prostate_tumor
GSM153089.CEL,2.546904181970198,-4.759580757704036,primary_prostate_tumor
GSM153090.CEL,-0.4373330010648239,0.34907414350801697,primary_prostate_tumor
GSM153091.CEL,0.994379761243446,-2.2114825017954662,primary_prostate_tumor
GSM153092.CEL,0.08218345165638943,-1.978041199091878,primary_prostate_tumor
GSM153093.CEL,-1.635725814731921,1.5445889867095575,primary_prostate_tumor
GSM153094.CEL,1.4963062447761333,-2.205100435108711,primary_prostate_tumor
GSM153095.CEL,3.3572973287473107,0.054447342012923325,primary_prostate_tumor
GSM153096.CEL,1.9119381330367817,-1.6613833240027074,primary_prostate_tumor
GSM153097.CEL,1.5337557815572571,-2.265947517622243,primary_prostate_tumor
GSM153098.CEL,2.726314267327692,2.7821906520492705,primary_prostate_tumor
GSM153099.CEL,0.18499019122307597,0.8818804428388725,primary_prostate_tumor
GSM153100.CEL,1.4550269443928525,-1.2459061127238686,primary_prostate_tumor
GSM153101.CEL,2.8067167283965,-2.1053732543390047,primary_prostate_tumor
GSM153102.CEL,5.457186847687705,-2.2939129291204017,primary_prostate_tumor
GSM153103.CEL,1.984449766580668,-2.8310855230408465,primary_prostate_tumor
GSM153104.CEL,-1.111332804615272,4.765678073997859,primary_prostate_tumor
GSM153106.CEL,5.249512634814294,-2.2580776508236724,primary_prostate_tumor
GSM153107.CEL,1.3207213790477401,-3.7383784828448836,primary_prostate_tumor
GSM153108.CEL,-1.0557198602422595,5.390510176207637,primary_prostate_tumor
GSM153109.CEL,5.445565771970499,-2.3084663282726496,primary_prostate_tumor
GSM153110.CEL,0.961078965849428,-3.6225964786757605,primary_prostate_tumor
GSM153111.CEL,1.9903624908893398,-2.2351368547605737,primary_prostate_tumor
GSM153112.CEL,1.5054012812622086,-0.8191344385973945,primary_prostate_tumor
GSM153113.CEL,3.450339501061328,-2.957933255031793,primary_prostate_tumor
GSM153114.CEL,-2.426694263725297,-0.14519605669582125,primary_prostate_tumor
GSM187533.CEL,3.7985884963814485,-4.098533879938742,primary_prostate_tumor
GSM187534.CEL,3.8110327648885183,-3.6304511499240624,primary_prostate_tumor
GSM187535.CEL,3.473831813442063,-1.9557917592139678,primary_prostate_tumor
GSM153238.CEL,5.1385252536123724,0.2690114249631531,normal
GSM153239.CEL,-3.086863341537774,3.60274581870745,normal
GSM153240.CEL,-1.656559540921333,0.16349865695073224,normal
GSM153241.CEL,-5.2318048760824185,-0.09466386049278912,normal
GSM153242.CEL,-3.962164312296615,4.914556531328298,normal
GSM153243.CEL,-3.5580700782412964,5.176472267968435,normal
GSM153244.CEL,-4.225460405149659,-1.4523241261587196,normal
GSM153245.CEL,-1.972281055211562,2.657236183640943,normal
GSM153247.CEL,4.666682690005062,0.9696200281414266,normal
GSM153248.CEL,2.677874336122398,-0.49835229903669753,normal
GSM153249.CEL,-2.4047923745557034,-1.0174863471269202,normal
GSM153250.CEL,1.0657434660238558,1.5204105078599142,normal
GSM153251.CEL,-4.2472299654216465,-3.0899041626567474,normal
GSM153252.CEL,0.48148367145993803,3.0632224383757305,normal
GSM153253.CEL,-1.0958804996946125,3.32222021616075,normal
GSM153254.CEL,-2.6915590134433103,-2.228568240097875,normal
GSM153255.CEL,-2.043289059386218,4.566362641225846,normal
GSM153256.CEL,0.38003997317684235,1.9869003962787422,normal
GSM153257.CEL,0.6610116801932825,3.5040932950982095,normal
GSM153258.CEL,-1.2766465883713058,-1.788560643855894,normal
GSM153259.CEL,0.44320496396750075,-3.683674363449168,normal
GSM153260.CEL,-0.6472693238673229,-4.6061218767874905,normal
GSM153261.CEL,-1.3914368939714215,-4.582337763710125,normal
GSM153262.CEL,2.743163761320471,1.099166787253197,normal
GSM153263.CEL,2.5339683742533405,1.0467690393594613,normal
GSM153264.CEL,0.6314958585284729,0.5895140471325876,normal
GSM153265.CEL,-2.5189843816007933,1.0553704346433777,normal
GSM153266.CEL,-0.4439107831313077,-1.3612625864893924,normal
GSM153267.CEL,-0.5444715735452603,-0.08250092929735459,normal
GSM153268.CEL,-2.853539252849149,1.9562722426840657,normal
GSM153269.CEL,-1.2661667851696758,-0.14636381807540189,normal
GSM153270.CEL,-1.255655457960306,-1.272366166304962,normal
GSM153271.CEL,1.2695060836675578,1.7889439011649753,normal
GSM153272.CEL,0.5370929234534727,2.4524606807536626,normal
GSM153273.CEL,2.1031737666521653,-0.9941209443016424,normal
GSM153274.CEL,-1.179090324327502,-0.4808086668122797,normal
GSM153275.CEL,-1.3412075825901095,0.30115629107818975,normal
GSM153276.CEL,-2.4621005794638284,4.023040364764027,normal
GSM153277.CEL,-2.1988585157296794,0.3487633035251486,normal
GSM153278.CEL,-3.181943135708594,-0.3552175035287316,normal
GSM153279.CEL,-3.6315457738954646,2.0290665585001957,normal
GSM153280.CEL,-3.105870692416615,0.9145819936514012,normal
GSM153281.CEL,-1.8092965729687327,1.0267296627167435,normal
GSM153282.CEL,-2.159644917751701,3.0914319383520596,normal
GSM153283.CEL,0.7575191540439975,0.6192015975867164,normal
GSM153284.CEL,-0.47444934748660894,1.3746119878607688,normal
GSM153285.CEL,-0.7720612482984464,3.5879754073350996,normal
GSM153286.CEL,-0.0601141500019882,2.446631714465835,normal
GSM153288.CEL,-0.3195384330067599,2.9207226364017926,normal
GSM153289.CEL,0.025404453076428593,2.1101522764896887,normal
GSM153290.CEL,-2.197194460955778,5.167437714541124,normal
GSM153291.CEL,-1.6901009320105453,4.820043740338394,normal
GSM153292.CEL,-1.223443855629581,2.36743084860317,normal
GSM153293.CEL,0.796551527714468,2.5302720472617244,normal
GSM153294.CEL,3.4444451925179895,2.130027111134932,normal
GSM153295.CEL,0.37845749288098796,4.965141536431333,normal
