,usage,prob_heptocarcinoma,prob_normal,brute_heptocarcinoma,brute_normal,max_out,prediction,type
GSM557089.CEL.gz,train,0.00070231926,0.9992976,1.6704504,8.93087,8.93087,normal,normal
GSM557091.CEL.gz,train,0.0012273561,0.9987727,1.8231249,8.52479,8.52479,normal,normal
GSM557093.CEL.gz,train,0.0010802164,0.99891984,1.6241193,8.453632,8.453632,normal,normal
GSM557095.CEL.gz,train,0.0017536025,0.99824643,1.4951756,7.8395033,7.8395033,normal,normal
GSM557097.CEL.gz,train,0.0018038291,0.9981962,1.5198301,7.8358684,7.8358684,normal,normal
GSM557099.CEL.gz,train,0.00015624912,0.9998437,1.8668287,10.630732,10.630732,normal,normal
GSM557101.CEL.gz,train,0.00037683488,0.9996232,1.8780077,9.761334,9.761334,normal,normal
GSM557103.CEL.gz,train,0.00013466852,0.9998653,2.0507674,10.963327,10.963327,normal,normal
GSM557105.CEL.gz,train,0.00051832723,0.99948174,1.7002764,9.264662,9.264662,normal,normal
GSM557107.CEL.gz,train,0.008645093,0.9913549,0.9989004,5.740981,5.740981,normal,normal
GSM557109.CEL.gz,train,0.0012285274,0.9987715,1.3277909,8.028501,8.028501,normal,normal
GSM557111.CEL.gz,train,0.0004851815,0.9995148,1.8238577,9.45436,9.45436,normal,normal
GSM557113.CEL.gz,train,0.0005675253,0.9994325,1.5673599,9.041018,9.041018,normal,normal
GSM557115.CEL.gz,train,0.00089387223,0.9991061,1.628372,8.647426,8.647426,normal,normal
GSM557117.CEL.gz,train,0.0006960223,0.99930394,1.6839623,8.953395,8.953395,normal,normal
GSM557119.CEL.gz,train,0.00014758494,0.9998524,2.0688004,10.88976,10.88976,normal,normal
GSM557121.CEL.gz,train,0.00017355042,0.9998265,1.8403938,10.499263,10.499263,normal,normal
GSM557123.CEL.gz,train,0.00047594393,0.9995241,2.0784073,9.728142,9.728142,normal,normal
GSM557125.CEL.gz,train,0.0005463936,0.9994536,1.8796521,9.391276,9.391276,normal,normal
GSM557127.CEL.gz,train,0.00079581223,0.9992042,1.9045725,9.039924,9.039924,normal,normal
GSM557129.CEL.gz,train,0.0013804309,0.99861956,1.3010697,7.885048,7.885048,normal,normal
GSM557131.CEL.gz,train,0.00059010496,0.9994099,1.4376762,8.872296,8.872296,normal,normal
GSM557133.CEL.gz,train,0.00070998294,0.99929,1.6239195,8.873479,8.873479,normal,normal
GSM557135.CEL.gz,train,0.0011303686,0.9988696,1.3313065,8.115387,8.115387,normal,normal
GSM557090.CEL.gz,train,0.99668604,0.0033139135,6.5757904,0.86948454,6.5757904,heptocarcinoma,heptocarcinoma
GSM557092.CEL.gz,train,0.99993694,6.302915e-05,12.696079,3.0242286,12.696079,heptocarcinoma,heptocarcinoma
GSM557094.CEL.gz,train,0.9997564,0.00024358816,10.39837,2.0785823,10.39837,heptocarcinoma,heptocarcinoma
GSM557096.CEL.gz,train,0.99795485,0.002045094,8.040516,1.8502517,8.040516,heptocarcinoma,heptocarcinoma
GSM557098.CEL.gz,train,0.9996989,0.0003011591,9.520193,1.4126225,9.520193,heptocarcinoma,heptocarcinoma
GSM557100.CEL.gz,train,0.9991391,0.000860876,8.385662,1.328963,8.385662,heptocarcinoma,heptocarcinoma
GSM557102.CEL.gz,train,0.9999558,4.4247216e-05,13.417595,3.3919208,13.417595,heptocarcinoma,heptocarcinoma
GSM557104.CEL.gz,train,0.9998541,0.00014592323,12.68059,3.8483057,12.68059,heptocarcinoma,heptocarcinoma
GSM557106.CEL.gz,train,0.999887,0.000112962814,13.259665,4.171326,13.259665,heptocarcinoma,heptocarcinoma
GSM557108.CEL.gz,train,0.99735224,0.0026477606,9.486222,3.5548322,9.486222,heptocarcinoma,heptocarcinoma
GSM557110.CEL.gz,train,0.99700195,0.002998045,7.4294653,1.6226729,7.4294653,heptocarcinoma,heptocarcinoma
GSM557112.CEL.gz,train,0.9997557,0.0002443684,10.948801,2.6322112,10.948801,heptocarcinoma,heptocarcinoma
GSM557114.CEL.gz,train,0.9976941,0.0023059521,7.3183994,1.2484463,7.3183994,heptocarcinoma,heptocarcinoma
GSM557116.CEL.gz,train,0.99990284,9.719499e-05,11.989353,2.7506588,11.989353,heptocarcinoma,heptocarcinoma
GSM557118.CEL.gz,train,0.99973017,0.00026979277,11.29689,3.0793037,11.29689,heptocarcinoma,heptocarcinoma
GSM557120.CEL.gz,train,0.9987295,0.0012705076,8.593544,1.9264766,8.593544,heptocarcinoma,heptocarcinoma
GSM557122.CEL.gz,train,0.99980193,0.00019812962,11.389874,2.8634834,11.389874,heptocarcinoma,heptocarcinoma
GSM557124.CEL.gz,train,0.99847406,0.001525928,9.447588,2.9639626,9.447588,heptocarcinoma,heptocarcinoma
GSM557126.CEL.gz,train,0.9995433,0.00045666727,9.577478,1.8863796,9.577478,heptocarcinoma,heptocarcinoma
GSM557128.CEL.gz,train,0.99998426,1.571763e-05,16.063501,5.0027895,16.063501,heptocarcinoma,heptocarcinoma
GSM557130.CEL.gz,train,0.9997229,0.0002771338,11.589968,3.3992345,11.589968,heptocarcinoma,heptocarcinoma
GSM557132.CEL.gz,train,0.99911875,0.0008811983,9.893888,2.860542,9.893888,heptocarcinoma,heptocarcinoma
GSM557134.CEL.gz,train,0.99891555,0.0010844712,9.265762,2.4401848,9.265762,heptocarcinoma,heptocarcinoma
GSM557136.CEL.gz,train,0.99945277,0.00054719235,10.307785,2.7976222,10.307785,heptocarcinoma,heptocarcinoma
