,usage,prob_normal,prob_primary_prostate_tumor,brute_normal,brute_primary_prostate_tumor,max_out,prediction,type
GSM153054.CEL,train,0.8183161,0.18168391,1.5625497,0.057569467,1.5625497,normal,primary_prostate_tumor
GSM153055.CEL,train,0.04141849,0.9585815,0.006925127,3.1486523,3.1486523,primary_prostate_tumor,primary_prostate_tumor
GSM153056.CEL,train,0.046767604,0.9532324,0.052751604,3.0674195,3.0674195,primary_prostate_tumor,primary_prostate_tumor
GSM153057.CEL,train,0.0054992773,0.99450076,0.012201164,5.2098255,5.2098255,primary_prostate_tumor,primary_prostate_tumor
GSM153058.CEL,train,0.039389737,0.9606103,0.013577503,3.207641,3.207641,primary_prostate_tumor,primary_prostate_tumor
GSM153059.CEL,train,0.0044692117,0.9955308,0.011686532,5.4177504,5.4177504,primary_prostate_tumor,primary_prostate_tumor
GSM153061.CEL,train,0.101153,0.898847,0.008987918,2.1934664,2.1934664,primary_prostate_tumor,primary_prostate_tumor
GSM153063.CEL,train,0.28146777,0.7185322,1.0924762,2.0296688,2.0296688,primary_prostate_tumor,primary_prostate_tumor
GSM153064.CEL,train,0.28380725,0.7161927,0.044989895,0.9706438,0.9706438,primary_prostate_tumor,primary_prostate_tumor
GSM153066.CEL,train,0.44151455,0.55848545,1.2506509,1.4856684,1.4856684,primary_prostate_tumor,primary_prostate_tumor
GSM153067.CEL,train,0.6529658,0.3470342,1.4347273,0.8026259,1.4347273,normal,primary_prostate_tumor
GSM153068.CEL,train,0.02539908,0.97460085,0.007955243,3.6552703,3.6552703,primary_prostate_tumor,primary_prostate_tumor
GSM153069.CEL,train,0.10879151,0.8912085,0.27097568,2.3741207,2.3741207,primary_prostate_tumor,primary_prostate_tumor
GSM153070.CEL,train,0.11444826,0.8855517,0.004612081,2.0507,2.0507,primary_prostate_tumor,primary_prostate_tumor
GSM153072.CEL,train,0.24359865,0.7564014,0.74328005,1.8763303,1.8763303,primary_prostate_tumor,primary_prostate_tumor
GSM153073.CEL,train,0.6416345,0.35836545,1.8177744,1.2353089,1.8177744,normal,primary_prostate_tumor
GSM153074.CEL,train,0.011982334,0.9880177,0.009635661,4.4219027,4.4219027,primary_prostate_tumor,primary_prostate_tumor
GSM153075.CEL,train,0.011528247,0.98847175,0.009716792,4.4610767,4.4610767,primary_prostate_tumor,primary_prostate_tumor
GSM153076.CEL,train,0.2790823,0.72091764,0.32543373,1.2744519,1.2744519,primary_prostate_tumor,primary_prostate_tumor
GSM153077.CEL,train,0.040788867,0.9592111,0.0070045204,3.1647065,3.1647065,primary_prostate_tumor,primary_prostate_tumor
GSM153078.CEL,train,0.0013916747,0.9986084,0.014468717,6.5903234,6.5903234,primary_prostate_tumor,primary_prostate_tumor
GSM153079.CEL,train,0.007820497,0.9921795,0.01044686,4.853603,4.853603,primary_prostate_tumor,primary_prostate_tumor
GSM153080.CEL,train,0.15855078,0.8414492,0.01620821,1.6852589,1.6852589,primary_prostate_tumor,primary_prostate_tumor
GSM153081.CEL,train,0.010160489,0.98983955,0.010075906,4.5891123,4.5891123,primary_prostate_tumor,primary_prostate_tumor
GSM153082.CEL,train,0.22688024,0.7731198,0.1632796,1.3892913,1.3892913,primary_prostate_tumor,primary_prostate_tumor
GSM153083.CEL,train,0.012184142,0.9878158,0.009504915,4.4048657,4.4048657,primary_prostate_tumor,primary_prostate_tumor
GSM153084.CEL,train,0.051671967,0.948328,0.006456816,2.916242,2.916242,primary_prostate_tumor,primary_prostate_tumor
GSM153085.CEL,train,0.025784517,0.97421545,0.008015143,3.6398735,3.6398735,primary_prostate_tumor,primary_prostate_tumor
GSM153086.CEL,train,0.10007306,0.89992696,0.0063712033,2.2027843,2.2027843,primary_prostate_tumor,primary_prostate_tumor
GSM153087.CEL,train,0.054034192,0.94596577,0.0062435223,2.8688328,2.8688328,primary_prostate_tumor,primary_prostate_tumor
GSM153088.CEL,train,0.07551166,0.92448837,0.27393335,2.7788868,2.7788868,primary_prostate_tumor,primary_prostate_tumor
GSM153089.CEL,train,0.02399035,0.97600967,0.0090113,3.714832,3.714832,primary_prostate_tumor,primary_prostate_tumor
GSM153090.CEL,train,0.064457074,0.9355429,0.006138896,2.6812663,2.6812663,primary_prostate_tumor,primary_prostate_tumor
GSM153091.CEL,train,0.010069361,0.9899306,0.0099936165,4.598131,4.598131,primary_prostate_tumor,primary_prostate_tumor
GSM153092.CEL,train,0.0045444695,0.9954555,0.0113289,5.400618,5.400618,primary_prostate_tumor,primary_prostate_tumor
GSM153093.CEL,train,0.14171153,0.8582885,0.008328771,1.8094757,1.8094757,primary_prostate_tumor,primary_prostate_tumor
GSM153094.CEL,train,0.057239156,0.9427609,0.0059936563,2.807568,2.807568,primary_prostate_tumor,primary_prostate_tumor
GSM153095.CEL,train,0.29109618,0.70890385,0.31415793,1.2042241,1.2042241,primary_prostate_tumor,primary_prostate_tumor
GSM153096.CEL,train,0.0795921,0.92040795,0.0060785203,2.4539807,2.4539807,primary_prostate_tumor,primary_prostate_tumor
GSM153097.CEL,train,0.056737054,0.94326293,0.0061537856,2.8170714,2.8170714,primary_prostate_tumor,primary_prostate_tumor
GSM153098.CEL,train,0.47170484,0.52829516,0.798371,0.9116727,0.9116727,primary_prostate_tumor,primary_prostate_tumor
GSM153099.CEL,train,0.3613626,0.63863736,0.980113,1.5495679,1.5495679,primary_prostate_tumor,primary_prostate_tumor
GSM153100.CEL,train,0.036671966,0.963328,0.007499445,3.2758808,3.2758808,primary_prostate_tumor,primary_prostate_tumor
GSM153101.CEL,train,0.38826916,0.6117308,0.41006756,0.8646611,0.8646611,primary_prostate_tumor,primary_prostate_tumor
GSM153102.CEL,train,0.031054016,0.968946,0.014455862,3.4549365,3.4549365,primary_prostate_tumor,primary_prostate_tumor
GSM153103.CEL,train,0.10740949,0.89259046,0.004663487,2.1221428,2.1221428,primary_prostate_tumor,primary_prostate_tumor
GSM153104.CEL,train,0.9515858,0.048414115,3.4978647,0.51952624,3.4978647,normal,primary_prostate_tumor
GSM153106.CEL,train,0.017977435,0.9820226,0.014579064,4.015076,4.015076,primary_prostate_tumor,primary_prostate_tumor
GSM153107.CEL,train,0.008543781,0.9914562,0.01037909,4.7643504,4.7643504,primary_prostate_tumor,primary_prostate_tumor
GSM153108.CEL,train,0.16390498,0.836095,0.418864,2.0483193,2.0483193,primary_prostate_tumor,primary_prostate_tumor
GSM153109.CEL,train,0.047928207,0.9520717,0.012539239,3.0014753,3.0014753,primary_prostate_tumor,primary_prostate_tumor
GSM153110.CEL,train,0.06877991,0.93122005,0.0059680897,2.611552,2.611552,primary_prostate_tumor,primary_prostate_tumor
GSM153111.CEL,train,0.09060328,0.9093967,0.008371053,2.3146622,2.3146622,primary_prostate_tumor,primary_prostate_tumor
GSM153112.CEL,train,0.10345067,0.89654934,0.004883885,2.1643422,2.1643422,primary_prostate_tumor,primary_prostate_tumor
GSM153113.CEL,train,0.27185977,0.72814023,0.06214702,1.0473543,1.0473543,primary_prostate_tumor,primary_prostate_tumor
GSM153114.CEL,train,2.9213766e-07,0.99999976,0.03259607,15.078636,15.078636,primary_prostate_tumor,primary_prostate_tumor
GSM187533.CEL,train,0.0017349652,0.9982651,0.0139545025,6.368986,6.368986,primary_prostate_tumor,primary_prostate_tumor
GSM187534.CEL,train,0.094332226,0.9056677,0.00602267,2.2678723,2.2678723,primary_prostate_tumor,primary_prostate_tumor
GSM187535.CEL,train,0.02805149,0.97194856,0.007749108,3.5530102,3.5530102,primary_prostate_tumor,primary_prostate_tumor
GSM153238.CEL,train,0.99531424,0.004685802,5.4089994,0.050477915,5.4089994,normal,normal
GSM153239.CEL,train,0.9927798,0.0072202296,4.9683323,0.04471018,4.9683323,normal,normal
GSM153240.CEL,train,0.16836222,0.8316378,0.5337419,2.1310213,2.1310213,primary_prostate_tumor,normal
GSM153241.CEL,train,0.9101529,0.089847095,2.33682,0.021316482,2.33682,normal,normal
GSM153242.CEL,train,0.96455604,0.03544396,3.3351684,0.03145332,3.3351684,normal,normal
GSM153243.CEL,train,0.96685535,0.033144724,3.4041045,0.030939072,3.4041045,normal,normal
GSM153244.CEL,train,0.93250513,0.06749491,2.6498373,0.024014698,2.6498373,normal,normal
GSM153245.CEL,train,0.9999995,5.302596e-07,14.577845,0.12794614,14.577845,normal,normal
GSM153247.CEL,train,0.997738,0.0022620102,6.1461067,0.056869775,6.1461067,normal,normal
GSM153248.CEL,train,0.90504414,0.09495585,2.2757602,0.021188602,2.2757602,normal,normal
GSM153249.CEL,train,0.9194969,0.08050307,2.7052019,0.2696705,2.7052019,normal,normal
GSM153250.CEL,train,0.9436931,0.05630692,2.8442597,0.025276145,2.8442597,normal,normal
GSM153251.CEL,train,0.98425806,0.015741933,4.1731443,0.037584275,4.1731443,normal,normal
GSM153252.CEL,train,0.984892,0.015108036,4.2138357,0.03653043,4.2138357,normal,normal
GSM153253.CEL,train,0.9926791,0.007320834,4.953507,0.04382381,4.953507,normal,normal
GSM153254.CEL,train,0.6109494,0.3890506,1.2048744,0.75356966,1.2048744,normal,normal
GSM153255.CEL,train,0.9931846,0.006815338,5.026831,0.04509009,5.026831,normal,normal
GSM153256.CEL,train,0.9280873,0.07191269,2.5804932,0.0228203,2.5804932,normal,normal
GSM153257.CEL,train,0.99310994,0.0068900553,5.014348,0.043585714,5.014348,normal,normal
GSM153258.CEL,train,0.41708857,0.58291143,0.75081587,1.0855526,1.0855526,primary_prostate_tumor,normal
GSM153259.CEL,train,0.64567673,0.3543233,1.3735566,0.7734674,1.3735566,normal,normal
GSM153260.CEL,train,0.8724573,0.1275427,1.9405049,0.017642403,1.9405049,normal,normal
GSM153261.CEL,train,0.2681009,0.73189914,0.6935654,1.6978449,1.6978449,primary_prostate_tumor,normal
GSM153262.CEL,train,0.6697135,0.3302865,1.3957809,0.6888914,1.3957809,normal,normal
GSM153263.CEL,train,0.8841999,0.11580007,2.0515397,0.018721648,2.0515397,normal,normal
GSM153264.CEL,train,0.8602721,0.13972783,1.8335911,0.01603894,1.8335911,normal,normal
GSM153265.CEL,train,0.83673567,0.16326429,2.372296,0.7381582,2.372296,normal,normal
GSM153266.CEL,train,0.67290825,0.32709175,1.146759,0.42539078,1.146759,normal,normal
GSM153267.CEL,train,0.6313308,0.3686692,1.4714324,0.93350226,1.4714324,normal,normal
GSM153268.CEL,train,0.8835456,0.11645446,2.6169648,0.59052217,2.6169648,normal,normal
GSM153269.CEL,train,0.84399587,0.15600415,1.8725337,0.18426855,1.8725337,normal,normal
GSM153270.CEL,train,0.404844,0.595156,1.2783926,1.6637144,1.6637144,primary_prostate_tumor,normal
GSM153271.CEL,train,0.94706476,0.05293521,2.9103875,0.02608864,2.9103875,normal,normal
GSM153272.CEL,train,0.98517853,0.014821451,4.234765,0.038017947,4.234765,normal,normal
GSM153273.CEL,train,0.5536585,0.44634154,0.21768668,0.0022231068,0.21768668,normal,normal
GSM153274.CEL,train,0.81567556,0.1843245,1.7336805,0.24636157,1.7336805,normal,normal
GSM153275.CEL,train,0.63763636,0.36236367,1.1723468,0.60722697,1.1723468,normal,normal
GSM153276.CEL,train,0.9705932,0.029406773,3.528341,0.0316586,3.528341,normal,normal
GSM153277.CEL,train,0.14413391,0.8558661,0.09614092,1.877512,1.877512,primary_prostate_tumor,normal
GSM153278.CEL,train,0.6173057,0.38269433,0.4827214,0.0045935386,0.4827214,normal,normal
GSM153279.CEL,train,0.90846574,0.09153432,2.6500063,0.354963,2.6500063,normal,normal
GSM153280.CEL,train,0.59687334,0.40312675,1.6651275,1.2726736,1.6651275,normal,normal
GSM153281.CEL,train,0.9520947,0.047905393,3.021999,0.03256238,3.021999,normal,normal
GSM153282.CEL,train,0.9839078,0.016092164,4.150494,0.037294615,4.150494,normal,normal
GSM153283.CEL,train,0.8443751,0.15562494,1.7066087,0.015460681,1.7066087,normal,normal
GSM153284.CEL,train,0.9506775,0.049322497,2.984693,0.025898559,2.984693,normal,normal
GSM153285.CEL,train,0.99390006,0.00609997,5.1391945,0.045841537,5.1391945,normal,normal
GSM153286.CEL,train,0.9319124,0.06808759,2.6413033,0.024859402,2.6413033,normal,normal
GSM153288.CEL,train,0.98117745,0.018822582,3.9893813,0.035685204,3.9893813,normal,normal
GSM153289.CEL,train,0.78302604,0.21697399,1.6250398,0.3416513,1.6250398,normal,normal
GSM153290.CEL,train,0.99500775,0.004992265,5.3452153,0.050354302,5.3452153,normal,normal
GSM153291.CEL,train,0.99281013,0.0071899067,4.9726014,0.044740114,4.9726014,normal,normal
GSM153292.CEL,train,0.9993173,0.0006827596,7.352704,0.064019404,7.352704,normal,normal
GSM153293.CEL,train,0.9833556,0.0166444,4.1159678,0.037070587,4.1159678,normal,normal
GSM153294.CEL,train,0.8518275,0.14817248,1.7660146,0.017007582,1.7660146,normal,normal
GSM153295.CEL,train,0.9996635,0.00033658987,8.0688,0.07249116,8.0688,normal,normal
